BAGLUNG MONEY TRANSFER PVT. LTD,11000029,NULL,BAGLUNG MONEY TRANSFER PVT. LTD(BAGLUNG),Jeep Park,,Baglung,Baglung,np,np        ,NULL,NULL,NULL,NULL
BAGLUNG MONEY TRANSFER PVT. LTD,11000030,NULL,
BAGLUNG MONEY TRANSFER PVT. LTD (Shiva Dhara Chowk)
,Shiva Dhara Chowk,,Baglung,Baglung,np,np        ,NULL,NULL,NULL,NULL
BAGLUNG MONEY TRANSFER PVT. LTD,11000031,NULL,BAGLUNG MONEY TRANSFER PVT. LTD (BURTIBANG),Burtibang Bazaar,,Baglung,Baglung,np,np        ,NULL,NULL,NULL,NULL
SANIMA BANK LTD.,11000034,NULL,SANIMA BANK LTD (DAMAK),Damak Chowk,,Jhapa,Jhapa,np,np        ,NULL,NULL,NULL,NULL
SANIMA BANK LTD.,11000035,NULL,SANIMA BANK LTD (DHADING),Dhadingbesi,,Dhading,Dhading,np,np        ,NULL,NULL,NULL,NULL
SANIMA BANK LTD.,11000036,NULL,SANIMA BANK LTD (POKHARA),New Road,Pokhara,,Kaski,Kaski,np,np        ,NULL,NULL,NULL,NULL
SANIMA BANK LTD.,11000037,NULL,SANIMA BANK LTD (SURYAVINAYAK),Suryavinayak,,Bhaktapur,Bhaktapur,np,np        ,NULL,NULL,NULL,NULL
SANIMA BANK LTD.,11000038,NULL,SANIMA BANK LTD (INARUWA),Main Road, Inaruwa,,Sunsari,Sunsari,np,np        ,NULL,NULL,NULL,NULL
SANIMA BANK LTD.,11000039,NULL,SANIMA BANK LTD (BHANDARA),Bhandara, Main Road,,Chitwan,Chitwan,np,np        ,NULL,NULL,NULL,NULL
SANIMA BANK LTD.,11000040,NULL,SANIMA BANK LTD (SATDOBATO),Satdobato,,Lalitpur,Lalitpur,np,np        ,NULL,NULL,NULL,NULL
SANIMA BANK LTD.,11000041,NULL,SANIMA BANK LTD (MYANGLUNG),Bich Bazaar, Myanglung,,Terhathum,Terhathum,np,np        ,NULL,NULL,NULL,NULL
SANIMA BANK LTD.,11000042,NULL,SANIMA BANK LTD (KHADBARI),Sankhuwasabha,,Sankhuwasabha,Sankhuwasabha,np,np        ,NULL,NULL,NULL,NULL
SANIMA BANK LTD.,11000043,NULL,SANIMA BANK LTD (NAUBISE),Sim Bazaar, Naubise,,Dhading,Dhading,np,np        ,NULL,NULL,NULL,NULL
SANIMA BANK LTD.,11000044,NULL,SANIMA BANK LTD (BUTWAL),Amarpath,,Rupandehi,Rupandehi,np,np        ,NULL,NULL,NULL,NULL
SANIMA BANK LTD.,11000045,NULL,SANIMA BANK LTD (NEWROAD),Khichapokhari, Newroad,,Kathmandu,Kathmandu,np,np        ,NULL,NULL,NULL,NULL
SANIMA BANK LTD.,11000046,NULL,SANIMA BANK LTD (KUMARIPATI),Kumaripati,,Lalitpur,Lalitpur,np,np        ,NULL,NULL,NULL,NULL
SANIMA BANK LTD.,11000047,NULL,SANIMA BANK LTD (NARAYANGARH),Pulchowk, Narayangarh,,Chitwan,Chitwan,np,np        ,NULL,NULL,NULL,NULL
SANIMA BANK LTD.,11000048,NULL,SANIMA BANK LTD (CHUCHCHEPATI),Chuchchepati,,Kathmandu,Kathmandu,np,np        ,NULL,NULL,NULL,NULL
SANIMA BANK LTD.,11000049,NULL,SANIMA BANK LTD (BELBARI),Belbari, Main Road,,Morang,Morang,np,np        ,NULL,NULL,NULL,NULL
SANIMA BANK LTD.,11000050,NULL,SANIMA BANK LTD (GONGABU),Gongabu,,Kathmandu,Kathmandu,np,np        ,NULL,NULL,NULL,NULL
SANIMA BANK LTD.,11000051,NULL,SANIMA BANK LTD (KALANKI),Kalanki Chowk,,Kathmandu,Kathmandu,np,np        ,NULL,NULL,NULL,NULL
SANIMA BANK LTD.,11000052,NULL,SANIMA BANK LTD (NEPALGUNJ),Dhamboji Chowk, Nepalgunj,,Banke,Banke,np,np        ,NULL,NULL,NULL,NULL
SANIMA BANK LTD.,11000053,NULL,SANIMA BANK LTD (BIRATNAGAR),Biratnagar, Hanuman Das Road,,Morang,Morang,np,np        ,NULL,NULL,NULL,NULL
SANIMA BANK LTD.,11000054,NULL,SANIMA BANK LTD (BIRGUNJ),Link Road, Birgunj,,Parsa,Parsa,np,np        ,NULL,NULL,NULL,NULL
SHINE RESUNGA DEVELOPMENT BANK LTD.,11000056,NULL,SHINE RESUNGA DEVELOPMENT BANK LTD. (TAMGHAS),Tamghas Bazaar,,Gulmi,Gulmi,np,np        ,NULL,NULL,NULL,NULL
SHINE RESUNGA DEVELOPMENT BANK LTD.,11000057,NULL,SHINE RESUNGA DEVELOPMENT BANK LTD. (BALE TAKSAR),Bale Taksar,,Gulmi,Gulmi,np,np        ,NULL,NULL,NULL,NULL
SHINE RESUNGA DEVELOPMENT BANK LTD.,11000058,NULL,SHINE RESUNGA DEVELOPMENT BANK LTD. (KHAIRENI),Khaireni,,Gulmi,Gulmi,np,np        ,NULL,NULL,NULL,NULL
SHINE RESUNGA DEVELOPMENT BANK LTD.,11000059,NULL,SHINE RESUNGA DEVELOPMENT BANK LTD. (MAJUWA),Majuwa,,Gulmi,Gulmi,np,np        ,NULL,NULL,NULL,NULL
SHINE RESUNGA DEVELOPMENT BANK LTD.,11000060,NULL,SHINE RESUNGA DEVELOPMENT BANK LTD. (SHANTIPUR),Shantipur,,Gulmi,Gulmi,np,np        ,NULL,NULL,NULL,NULL
SHINE RESUNGA DEVELOPMENT BANK LTD.,11000061,NULL,SHINE RESUNGA DEVELOPMENT BANK LTD. (SIMALTARI),Simaltari,,Gulmi,Gulmi,np,np        ,NULL,NULL,NULL,NULL
SANIMA BANK LTD.,11000064,NULL,SANIMA BANK LTD (NAXAL),Narayanchour, Naxal,,Kathmandu,Kathmandu,np,np        ,NULL,NULL,NULL,NULL
SHINE RESUNGA DEVELOPMENT BANK LTD.,11000071,NULL,SHINE RESUNGA DEVELOPMENT BANK LTD. (WAMI TAKSAR),Wami Taksar,,Gulmi,Gulmi,np,np        ,NULL,NULL,NULL,NULL
JEEVAN BIKAS SAMAJ,11000104,NULL,JEEVAN BIKAS SAMAJ (BIRATNAGAR (MAIN),Katahari, Near Mayur Biscuit Factory, Biratnagar,,Morang,Morang,np,np        ,NULL,NULL,NULL,NULL
JEEVAN BIKAS SAMAJ,11000105,NULL,JEEVAN BIKAS SAMAJ (KARSIYA),Karsiya,,Morang,Morang,np,np        ,NULL,NULL,NULL,NULL
JEEVAN BIKAS SAMAJ,11000106,NULL,JEEVAN BIKAS SAMAJ (MAJHARE),Majhare, Near Laxmuniya Chowk,,Morang,Morang,np,np        ,NULL,NULL,NULL,NULL
JEEVAN BIKAS SAMAJ,11000107,NULL,JEEVAN BIKAS SAMAJ (BUDHANAGAR),Rani, Police Training Centre,,Morang,Morang,np,np        ,NULL,NULL,NULL,NULL
JEEVAN BIKAS SAMAJ,11000108,NULL,JEEVAN BIKAS SAMAJ (DAINIYA),Dainiya Chowk,,Morang,Morang,np,np        ,NULL,NULL,NULL,NULL
JEEVAN BIKAS SAMAJ,11000109,NULL,JEEVAN BIKAS SAMAJ (BAHUNI),Hahuni, West from Bahuni Medical,,Morang,Morang,np,np        ,NULL,NULL,NULL,NULL
JEEVAN BIKAS SAMAJ,11000110,NULL,JEEVAN BIKAS SAMAJ (JHORAHAT),Jhorahat, Near to Sarswati School,,Morang,Morang,np,np        ,NULL,NULL,NULL,NULL
JEEVAN BIKAS SAMAJ,11000111,NULL,JEEVAN BIKAS SAMAJ (SIJUWA),100 meter away from AAmbari Chowk,,Morang,Morang,np,np        ,NULL,NULL,NULL,NULL
JEEVAN BIKAS SAMAJ,11000112,NULL,JEEVAN BIKAS SAMAJ (HARINAGRA),Harinagra Bazaar,,Sunsari,Sunsari,np,np        ,NULL,NULL,NULL,NULL
JEEVAN BIKAS SAMAJ,11000114,NULL,JEEVAN BIKAS SAMAJ (DAMAK),Damak,,Jhapa,Jhapa,np,np        ,NULL,NULL,NULL,NULL
JEEVAN BIKAS SAMAJ,11000115,NULL,JEEVAN BIKAS SAMAJ (BIRTABAZAAR),Birta Bazaar, Near Durga Mandir,,Jhapa,Jhapa,np,np        ,NULL,NULL,NULL,NULL
JEEVAN BIKAS SAMAJ,11000116,NULL,JEEVAN BIKAS SAMAJ (GAURADAHA),Dipuchowk, Gauradaha,,Jhapa,Jhapa,np,np        ,NULL,NULL,NULL,NULL
JEEVAN BIKAS SAMAJ,11000117,NULL,JEEVAN BIKAS SAMAJ (GAURIGUNJ),Paragunj Chowk, Gaurigunj,,Jhapa,Jhapa,np,np        ,NULL,NULL,NULL,NULL
JEEVAN BIKAS SAMAJ,11000118,NULL,JEEVAN BIKAS SAMAJ (LETANG),Letang, Behind BP Chwok,,Morang,Morang,np,np        ,NULL,NULL,NULL,NULL
JEEVAN BIKAS SAMAJ,11000119,NULL,JEEVAN BIKAS SAMAJ (BANIYANI),Baniyani Chowk,,Jhapa,Jhapa,np,np        ,NULL,NULL,NULL,NULL
JEEVAN BIKAS SAMAJ,11000120,NULL,JEEVAN BIKAS SAMAJ (KERABARI),Kerabari, West from VDC,,Morang,Morang,np,np        ,NULL,NULL,NULL,NULL
JEEVAN BIKAS SAMAJ,11000121,NULL,JEEVAN BIKAS SAMAJ (ITABHATTA),Itabhatta Chowk,,Jhapa,Jhapa,np,np        ,NULL,NULL,NULL,NULL
JEEVAN BIKAS SAMAJ,11000122,NULL,JEEVAN BIKAS SAMAJ (BHADRAPUR),Bhadrapur, Near Birendra Public School,,Jhapa,Jhapa,np,np        ,NULL,NULL,NULL,NULL
JEEVAN BIKAS SAMAJ,11000123,NULL,JEEVAN BIKAS SAMAJ (AMARDAHA),NTC Tower Building,,Morang,Morang,np,np        ,NULL,NULL,NULL,NULL
JEEVAN BIKAS SAMAJ,11000124,NULL,JEEVAN BIKAS SAMAJ (MADHUWAN),Madhuwan Bazaar,,Sunsari,Sunsari,np,np        ,NULL,NULL,NULL,NULL
JEEVAN BIKAS SAMAJ,11000125,NULL,JEEVAN BIKAS SAMAJ (AMAHI),Amahi Bariyati,,Morang,Morang,np,np        ,NULL,NULL,NULL,NULL
JEEVAN BIKAS SAMAJ,11000126,NULL,JEEVAN BIKAS SAMAJ (BELBARI),Belbari,,Morang,Morang,np,np        ,NULL,NULL,NULL,NULL
JEEVAN BIKAS SAMAJ,11000127,NULL,JEEVAN BIKAS SAMAJ (SHIVAGUNJ),Shivagunj Bazaar,,Jhapa,Jhapa,np,np        ,NULL,NULL,NULL,NULL
JEEVAN BIKAS SAMAJ,11000129,NULL,JEEVAN BIKAS SAMAJ (BAHUNDANGI),Bahundangi, Buddha Mode,,Jhapa,Jhapa,np,np        ,NULL,NULL,NULL,NULL
JEEVAN BIKAS SAMAJ,11000130,NULL,JEEVAN BIKAS SAMAJ (KATAHARI),Katahari Chowk,,Morang,Morang,np,np        ,NULL,NULL,NULL,NULL
JEEVAN BIKAS SAMAJ,11000131,NULL,JEEVAN BIKAS SAMAJ (BIRATNAGAR),Biratnagar, Bargachhi,,Morang,Morang,np,np        ,NULL,NULL,NULL,NULL
JEEVAN BIKAS SAMAJ,11000132,NULL,JEEVAN BIKAS SAMAJ (RAJGADH),Rajgadh, Opposite to Police Office,,Jhapa,Jhapa,np,np        ,NULL,NULL,NULL,NULL
JEEVAN BIKAS SAMAJ,11000133,NULL,JEEVAN BIKAS SAMAJ (MADHUMALLA),Madhumalla Bazaar,,Morang,Morang,np,np        ,NULL,NULL,NULL,NULL
JEEVAN BIKAS SAMAJ,11000134,NULL,JEEVAN BIKAS SAMAJ (TANGHADUBBA),Tanghadubba, Kamatoli Tole,,Jhapa,Jhapa,np,np        ,NULL,NULL,NULL,NULL
JEEVAN BIKAS SAMAJ,11000135,NULL,JEEVAN BIKAS SAMAJ (ITAHARA),Sombare Chowk,,Morang,Morang,np,np        ,NULL,NULL,NULL,NULL
JEEVAN BIKAS SAMAJ,11000136,NULL,JEEVAN BIKAS SAMAJ (BALAHA),Balaha, BP Chowk,,Sunsari,Sunsari,np,np        ,NULL,NULL,NULL,NULL
JEEVAN BIKAS SAMAJ,11000137,NULL,JEEVAN BIKAS SAMAJ (MAHENDRANAGAR),Bange Bazar,,Sunsari,Sunsari,np,np        ,NULL,NULL,NULL,NULL
JEEVAN BIKAS SAMAJ,11000138,NULL,JEEVAN BIKAS SAMAJ (RAJARANI),Rajarani,+2 School Opposite,,Dhankuta,Dhankuta,np,np        ,NULL,NULL,NULL,NULL
JEEVAN BIKAS SAMAJ,11000139,NULL,JEEVAN BIKAS SAMAJ (SINDHULI),Sindhuli Bazaar,,Sindhuli,Sindhuli,np,np        ,NULL,NULL,NULL,NULL
JEEVAN BIKAS SAMAJ,11000140,NULL,JEEVAN BIKAS SAMAJ (BHIMAN),Bhiman Bazaar,,Sindhuli,Sindhuli,np,np        ,NULL,NULL,NULL,NULL
JEEVAN BIKAS SAMAJ,11000142,NULL,JEEVAN BIKAS SAMAJ (DUDHAULI),Dudhauli Bazaar,,Sindhuli,Sindhuli,np,np        ,NULL,NULL,NULL,NULL
JEEVAN BIKAS SAMAJ,11000143,NULL,JEEVAN BIKAS SAMAJ (AAITAWARE),Aaitaware Bazaar,,Ilam,Ilam,np,np        ,NULL,NULL,NULL,NULL
JEEVAN BIKAS SAMAJ,11000144,NULL,JEEVAN BIKAS SAMAJ (BIBLYANTE),Biblyante Bazaar,,Ilam,Ilam,np,np        ,NULL,NULL,NULL,NULL
JEEVAN BIKAS SAMAJ,11000145,NULL,JEEVAN BIKAS SAMAJ (DANABARI),Danabari,,Ilam,Ilam,np,np        ,NULL,NULL,NULL,NULL
JEEVAN BIKAS SAMAJ,11000146,NULL,JEEVAN BIKAS SAMAJ (RAMPUR),Rampur Bazaar,,Udaypur,Udaypur,np,np        ,NULL,NULL,NULL,NULL
JEEVAN BIKAS SAMAJ,11000147,NULL,JEEVAN BIKAS SAMAJ (JHANGAJHOLI),Jhangajholi, Near Rastriya Banijya Bank,,Sindhuli,Sindhuli,np,np        ,NULL,NULL,NULL,NULL
JEEVAN BIKAS SAMAJ,11000148,NULL,JEEVAN BIKAS SAMAJ (MANGALBARE),Mangalbare Bazaar,,Ilam,Ilam,np,np        ,NULL,NULL,NULL,NULL
APEX DEVELOPMENT BANK LTD.,11000159,NULL,APEX DEVELOPMENT BANK LTD. (BIRENDRANAGAR),Birendra Nagar- Peepal Chautari,,Surkhet,Surkhet,np,np        ,NULL,NULL,NULL,NULL
APEX DEVELOPMENT BANK LTD.,11000160,NULL,APEX DEVELOPMENT BANK LTD. (CHINCHHU),Chinchhu Bazaar,,Surkhet,Surkhet,np,np        ,NULL,NULL,NULL,NULL
KALIKA TRADE LINK AND SUB MONEY TRANSFER PVT. LTD,11000183,NULL,
KALIKA TRADE LINK AND SUB MONEY TRF PVT. LTD (NEPALGUNJ)
,Surkhet Road, Nepalgunj,,Banke,Banke,np,np        ,NULL,NULL,NULL,NULL
KALIKA TRADE LINK AND SUB MONEY TRANSFER PVT. LTD,11000184,NULL,
KALIKA TRADE LINK AND SUB MONEY TRF PVT. LTD (DOLPA)
,Dunai, Dolpa,,Dolpa,Dolpa,np,np        ,NULL,NULL,NULL,NULL
KALIKA TRADE LINK AND SUB MONEY TRANSFER PVT. LTD,11000185,NULL,
KALIKA TRADE LINK AND SUB MONEY TRF PVT. LTD (JAJARKOT)
,Khalanga, Jajarkot,,Jajarkot,Jajarkot,np,np        ,NULL,NULL,NULL,NULL
KALIKA TRADE LINK AND SUB MONEY TRANSFER PVT. LTD,11000186,NULL,
KALIKA TRADE LINK AND SUB MONEY TRF PVT. LTD (RUKUM)
,Chaurjahari, Rukum,,Rukum,Rukum,np,np        ,NULL,NULL,NULL,NULL
ANISH REMIT PVT. LTD,11000187,NULL,ANISH REMIT PVT. LTD (BANASTHALI),Banasthali, Opposite Siddhartha Banasthali School,,Kathmandu,Kathmandu,np,np        ,NULL,NULL,NULL,NULL
ANISH REMIT PVT. LTD,11000188,NULL,ANISH REMIT PVT. LTD (ABUKHAIRENI),Abhkhaireni,,Tanahu,Tanahu,np,np        ,NULL,NULL,NULL,NULL
SUPA DEURALI ASSOCIATES PVT. LTD,11000198,NULL,SUPA DEURALI ASSOCIATES PVT. LTD,
Butwal, Durga Mandir Line, Near Nepal Bangladesh Bank
,,Rupandehi,Rupandehi,np,np        ,NULL,NULL,NULL,NULL
SAHAYOGI BIKAS BANK LTD.,11000200,NULL,SAHAYOGI BIKAS BANK LTD.(JANAKPUR),Vidyapati Chowk,,Dhanusha,Dhanusha,np,np        ,NULL,NULL,NULL,NULL
SAHAYOGI BIKAS BANK LTD.,11000201,NULL,SAHAYOGI BIKAS BANK LTD.(MAHENDRANAGAR),Mahendranagar Bazaar,,Dhanusa,Dhanusa,np,np        ,NULL,NULL,NULL,NULL
SAHAYOGI BIKAS BANK LTD.,11000202,NULL,SAHAYOGI BIKAS BANK LTD.(MAHOTTARI),Gaushala Bazaar,,Mahottari,Mahottari,np,np        ,NULL,NULL,NULL,NULL
SAHAYOGI BIKAS BANK LTD.,11000203,NULL,SAHAYOGI BIKAS BANK LTD.(JALESHWOR),Jaleshwor, Meena Bazaar,,Mahottari,Mahottari,np,np        ,NULL,NULL,NULL,NULL
DHAULAGIRI TRAVELS AND MONEY TRANSFER PVT. LTD,11000205,NULL,DHAULAGIRI TRAVELS AND MONEY TRANSFER (MYAGDI),Beni Bazaar,,Myagdi,Myagdi,np,np        ,NULL,NULL,NULL,NULL
MUKTINATH BIKAS BANK LTD.,11000216,NULL,MUKTINATH BIKAS BANK (PRITHIVI CHOWK),Prithivi Chowk,,Kaski,Kaski,np,np        ,NULL,NULL,NULL,NULL
MUKTINATH BIKAS BANK LTD.,11000217,NULL,MUKTINATH BIKAS BANK (BAGAR),Bagar Branch,,Kaski,Kaski,np,np        ,NULL,NULL,NULL,NULL
MUKTINATH BIKAS BANK LTD.,11000218,NULL,MUKTINATH BIKAS BANK (BAIDAM),Baidam,,Kaski,Kaski,np,np        ,NULL,NULL,NULL,NULL
MUKTINATH BIKAS BANK LTD.,11000219,NULL,MUKTINATH BIKAS BANK (DULEGAUDA),Dulegauda,,Tanahu,Tanahu,np,np        ,NULL,NULL,NULL,NULL
MUKTINATH BIKAS BANK LTD.,11000220,NULL,MUKTINATH BIKAS BANK (GAGANGAUDA),Gagangauda,,Kaski,Kaski,np,np        ,NULL,NULL,NULL,NULL
MUKTINATH BIKAS BANK LTD.,11000221,NULL,MUKTINATH BIKAS BANK (MIRMI),Mirmi,,Kaski,Kaski,np,np        ,NULL,NULL,NULL,NULL
MUKTINATH BIKAS BANK LTD.,11000222,NULL,MUKTINATH BIKAS BANK (BAYARGHARI),Bayarghari,,Syangja,Syangja,np,np        ,NULL,NULL,NULL,NULL
MUKTINATH BIKAS BANK LTD.,11000223,NULL,MUKTINATH BIKAS BANK (GALYANG),Galyang,,Syangja,Syangja,np,np        ,NULL,NULL,NULL,NULL
MUKTINATH BIKAS BANK LTD.,11000224,NULL,MUKTINATH BIKAS BANK (PUTALI BAZAAR),Putali Bazaar,,Syangja,Syangja,np,np        ,NULL,NULL,NULL,NULL
MUKTINATH BIKAS BANK LTD.,11000225,NULL,MUKTINATH BIKAS BANK (WALING),Waling,,Syangja,Syangja,np,np        ,NULL,NULL,NULL,NULL
MUKTINATH BIKAS BANK LTD.,11000226,NULL,MUKTINATH BIKAS BANK (BHIMAD),Bhimad,,Tanahu,Tanahu,np,np        ,NULL,NULL,NULL,NULL
MUKTINATH BIKAS BANK LTD.,11000227,NULL,MUKTINATH BIKAS BANK (DAMAULI),Damauli,,Tanahu,Tanahu,np,np        ,NULL,NULL,NULL,NULL
MUKTINATH BIKAS BANK LTD.,11000229,NULL,MUKTINATH BIKAS BANK (DUMRE),Dumre,,Tanahu,Tanahu,np,np        ,NULL,NULL,NULL,NULL
MUKTINATH BIKAS BANK LTD.,11000230,NULL,MUKTINATH BIKAS BANK (NAYA POOL),Naya Pool,,Kaski,Kaski,np,np        ,NULL,NULL,NULL,NULL
PURNIMA BIKAS BANK LTD.,11000231,NULL,PURNIMA BIKAS BANK LTD (BHAIRAHAWA),Bhairahawa,,Rupandehi,Rupandehi,np,np        ,NULL,NULL,NULL,NULL
PURNIMA BIKAS BANK LTD.,11000232,NULL,PURNIMA BIKAS BANK LTD(PARASI),Parasi,,Nawalparasi,Nawalparasi,np,np        ,NULL,NULL,NULL,NULL
PURNIMA BIKAS BANK LTD.,11000233,NULL,PURNIMA BIKAS BANK LTD (BHALWARI),Bhalwari,,Rupandehi,Rupandehi,np,np        ,NULL,NULL,NULL,NULL
PURNIMA BIKAS BANK LTD.,11000234,NULL,PURNIMA BIKAS BANK LTD (BUTWAL),Butwal,,Rupandehi,Rupandehi,np,np        ,NULL,NULL,NULL,NULL
PURNIMA BIKAS BANK LTD.,11000235,NULL,PURNIMA BIKAS BANK LTD (DRIVER TOLE),DRIVER TOLE,,Rupandehi,Rupandehi,np,np        ,NULL,NULL,NULL,NULL
PURNIMA BIKAS BANK LTD.,11000236,NULL,PURNIMA BIKAS BANK LTD (DHAKDHAI),Dhakdhai,,Rupandehi,Rupandehi,np,np        ,NULL,NULL,NULL,NULL
PURNIMA BIKAS BANK LTD.,11000237,NULL,PURNIMA BIKAS BANK LTD(SURYAPURA),Suryapura Bazaar,,Rupandehi,Rupandehi,np,np        ,NULL,NULL,NULL,NULL
TINAU DEVELOPMENT BANK LTD.,11000248,NULL,TINAU DEVELOPMENT BANK LTD. (BUTWAL),Sangam Path,,,,np,np        ,NULL,NULL,NULL,NULL
TINAU DEVELOPMENT BANK LTD.,11000249,NULL,TINAU DEVELOPMENT BANK LTD. (NARAYANGADH),Main Road,,Chitwan,Chitwan,np,np        ,NULL,NULL,NULL,NULL
TINAU DEVELOPMENT BANK LTD.,11000250,NULL,TINAU DEVELOPMENT BANK LTD. (KOTIHAWA),Kotihawa,,Rupandehi,Rupandehi,np,np        ,NULL,NULL,NULL,NULL
TINAU DEVELOPMENT BANK LTD.,11000251,NULL,TINAU DEVELOPMENT BANK LTD. (BHALUHI),Bhaluhi, Dendaha,,Rupandehi,Rupandehi,np,np        ,NULL,NULL,NULL,NULL
TINAU DEVELOPMENT BANK LTD.,11000252,NULL,TINAU DEVELOPMENT BANK LTD. (AMARAPURI),Amarapuri,,Nawalparasi,Nawalparasi,np,np        ,NULL,NULL,NULL,NULL
MAHAKALI BIKAS BANK LTD.,11000258,NULL,MAHAKALI BIKAS BANK LTD. (MAHENDRANAGAR),Mahendranagar,,Kanchanpur,Kanchanpur,np,np        ,NULL,NULL,NULL,NULL
MAHAKALI BIKAS BANK LTD.,11000259,NULL,MAHAKALI BIKAS BANK LTD. (JHALARI),Main Road , Jhalari,,Kanchanpur,Kanchanpur,np,np        ,NULL,NULL,NULL,NULL
MAHAKALI BIKAS BANK LTD.,11000260,NULL,MAHAKALI BIKAS BANK LTD. (DODHARA CHANDANI),Dodhara, Chandani,,Kanchanpur,Kanchanpur,np,np        ,NULL,NULL,NULL,NULL
SANIMA BANK LTD.,11000267,NULL,SANIMA BANK LTD (NEW BANESHWOR),New Baneshwor, opposite Bakery Cafe,,Kathmandu,Kathmandu,np,np        ,NULL,NULL,NULL,NULL
SANIMA BANK LTD.,11000268,NULL,SANIMA BANK LTD (TEKU),Teku, Mahindra Showroom Building,,Kathmandu,Kathmandu,np,np        ,NULL,NULL,NULL,NULL
GANDAKI BIKAS BANK LTD,11000271,NULL,GANDAKI BIKAS BANK LTD. (LEKHNATH),Lekhnath,,kaski,kaski,np,np        ,NULL,NULL,NULL,NULL
GANDAKI BIKAS BANK LTD,11000272,NULL,GANDAKI BIKAS BANK LTD. (BUTWAL),MIlanchowk,,Rupandehi,Rupandehi,np,np        ,NULL,NULL,NULL,NULL
GANDAKI BIKAS BANK LTD,11000273,NULL,GANDAKI BIKAS BANK LTD. (GORKHA),Haramtari,,Gorkha,Gorkha,np,np        ,NULL,NULL,NULL,NULL
GANDAKI BIKAS BANK LTD,11000274,NULL,GANDAKI BIKAS BANK LTD. (MUGLING),Darechowk, Mugling Bazaar,,chitwan,chitwan,np,np        ,NULL,NULL,NULL,NULL
GANDAKI BIKAS BANK LTD,11000275,NULL,GANDAKI BIKAS BANK LTD. (BESISAHAR),Besisahar,,Lamjung,Lamjung,np,np        ,NULL,NULL,NULL,NULL
GANDAKI BIKAS BANK LTD,11000276,NULL,GANDAKI BIKAS BANK LTD. (KAWASOTI),Kawasoti,,Nawalparasi,Nawalparasi,np,np        ,NULL,NULL,NULL,NULL
GANDAKI BIKAS BANK LTD,11000277,NULL,GANDAKI BIKAS BANK LTD. (NARAYANGHADH),Pulchowk,,Chitwan,Chitwan,np,np        ,NULL,NULL,NULL,NULL
GANDAKI BIKAS BANK LTD,11000278,NULL,GANDAKI BIKAS BANK LTD. (CHORMARA),Chormara,,Nawalparasi,Nawalparasi,np,np        ,NULL,NULL,NULL,NULL
GANDAKI BIKAS BANK LTD,11000279,NULL,GANDAKI BIKAS BANK LTD. (KUSHMA),Kushma, Parbat,,Parbat,Parbat,np,np        ,NULL,NULL,NULL,NULL
GANDAKI BIKAS BANK LTD,11000280,NULL,GANDAKI BIKAS BANK LTD. (BAGLUNG),Shivdhara Chowk,,Baglung,Baglung,np,np        ,NULL,NULL,NULL,NULL
GANDAKI BIKAS BANK LTD,11000281,NULL,GANDAKI BIKAS BANK LTD. (SYANGJA),Pragatinagar,,Syangja,Syangja,np,np        ,NULL,NULL,NULL,NULL
GANDAKI BIKAS BANK LTD,11000282,NULL,GANDAKI BIKAS BANK LTD. (DAMAULI),Safasadak,,Tanahu,Tanahu,np,np        ,NULL,NULL,NULL,NULL
GANDAKI BIKAS BANK LTD,11000285,NULL,GANDAKI BIKAS BANK LTD. (POKHARA),Newroad, Pokhara,,Kaski,Kaski,np,np        ,NULL,NULL,NULL,NULL
MALIKA VIKAS BANK LTD.,11000286,NULL,MALIKA VIKAS BANK LTD. (MANGALSEN),Mangalsen,,Achham,Achham,np,np        ,NULL,NULL,NULL,NULL
MALIKA VIKAS BANK LTD.,11000287,NULL,MALIKA VIKAS BANK LTD. (SANFEBAGAR),Sanfebagar,,Achham,Achham,np,np        ,NULL,NULL,NULL,NULL
MALIKA VIKAS BANK LTD.,11000288,NULL,MALIKA VIKAS BANK LTD. (NEPALGUNJ),Nepalgunj,,Banke,Banke,np,np        ,NULL,NULL,NULL,NULL
MALIKA VIKAS BANK LTD.,11000289,NULL,MALIKA VIKAS BANK LTD. (DADELDHURA),Dadeldhura,,Dadeldhura,Dadeldhura,np,np        ,NULL,NULL,NULL,NULL
MALIKA VIKAS BANK LTD.,11000290,NULL,MALIKA VIKAS BANK LTD. (LAMAHI),Lamahi,,Dang,Dang,np,np        ,NULL,NULL,NULL,NULL
MALIKA VIKAS BANK LTD.,11000291,NULL,MALIKA VIKAS BANK LTD. (TULSIPUR),Tulsipur,,Dang,Dang,np,np        ,NULL,NULL,NULL,NULL
MALIKA VIKAS BANK LTD.,11000292,NULL,MALIKA VIKAS BANK LTD. (PIPALLA),Pipalla,,Doti,Doti,np,np        ,NULL,NULL,NULL,NULL
MALIKA VIKAS BANK LTD.,11000293,NULL,MALIKA VIKAS BANK LTD. (BOUNIYA),Bouniya, Kailali,,Kailali,Kailali,np,np        ,NULL,NULL,NULL,NULL
MALIKA VIKAS BANK LTD.,11000294,NULL,MALIKA VIKAS BANK LTD.(DHANGADHI),Dhangadhi, Kailali,,Kailai,Kailai,np,np        ,NULL,NULL,NULL,NULL
MALIKA VIKAS BANK LTD.,11000295,NULL,MALIKA VIKAS BANK LTD. (LAMKI),Lamki,,Kailali,Kailali,np,np        ,NULL,NULL,NULL,NULL
MALIKA VIKAS BANK LTD.,11000296,NULL,MALIKA VIKAS BANK LTD. (TIKAPUR),Tikapur,,Kailali,Kailali,np,np        ,NULL,NULL,NULL,NULL
MALIKA VIKAS BANK LTD.,11000297,NULL,MALIKA VIKAS BANK LTD. (BELAURI),Belauri,,Kanchanpur,Kanchanpur,np,np        ,NULL,NULL,NULL,NULL
MALIKA VIKAS BANK LTD.,11000298,NULL,MALIKA VIKAS BANK LTD.(MAHENDRANAGAR),Mahendranagar,,Kanchanpur,Kanchanpur,np,np        ,NULL,NULL,NULL,NULL
MALIKA VIKAS BANK LTD.,11000299,NULL,MALIKA VIKAS BANK LTD.(BUTWAL),Butwal,,Rupandehi,Rupandehi,np,np        ,NULL,NULL,NULL,NULL
MALIKA VIKAS BANK LTD.,11000300,NULL,MALIKA VIKAS BANK LTD. (BANSGADHI),Bansgadhi,,Bardiya,Bardiya,np,np        ,NULL,NULL,NULL,NULL
MALIKA VIKAS BANK LTD.,11000301,NULL,MALIKA VIKAS BANK LTD. (MASURIYA),Masuriya,,Kailali,Kailali,np,np        ,NULL,NULL,NULL,NULL
TINAU DEVELOPMENT BANK LTD.,11000302,NULL,TINAU DEVELOPMENT BANK LTD. (Sangampath),Sangampath, Butwal,,,,np,np        ,NULL,NULL,NULL,NULL
TINAU DEVELOPMENT BANK LTD.,11000303,NULL,TINAU DEVELOPMENT BANK LTD (Jimirebhar),Makar 4, Nawalparasi,,Nawalparasi,Nawalparasi,np,np        ,NULL,NULL,NULL,NULL
TINAU DEVELOPMENT BANK LTD.,11000304,NULL,TINAU DEVELOPMENT BANK LTD. (Rampur),Dudrakshya, Rupandehi,,Rupandehi,Rupandehi,np,np        ,NULL,NULL,NULL,NULL
MUKTINATH BIKAS BANK LTD.,11000305,NULL,MUKTINATH BIKAS BANK (Mirmi),Mirmi,,Syangja,Syangja,np,np        ,NULL,NULL,NULL,NULL
MUKTINATH BIKAS BANK LTD.,11000308,NULL,MUKTINATH BIKAS BANK (Baglung),Baglung Bazaar,,Baglung,Baglung,np,np        ,NULL,NULL,NULL,NULL
MISSION DEV BANK LTD,11000331,NULL,MISSION DEV BANK LTD (GOPIGUNJ),Gopigunj,,Nawalparasi,Nawalparasi,np,np        ,NULL,NULL,NULL,NULL
MISSION DEV BANK LTD,11000332,NULL,MISSION DEV BANK LTD (BHUMAHI),Bhumahi,,Nawalparasi,Nawalparasi,np,np        ,NULL,NULL,NULL,NULL
MISSION DEV BANK LTD,11000333,NULL,MISSION DEV BANK LTD (BASGADI),Basgadi,,Rupandehi,Rupandehi,np,np        ,NULL,NULL,NULL,NULL
MISSION DEV BANK LTD,11000334,NULL,MISSION DEV BANK LTD (TAMNAGAR),Tamnagar,,Rupandehi,Rupandehi,np,np        ,NULL,NULL,NULL,NULL
MISSION DEV BANK LTD,11000335,NULL,MISSION DEV BANK LTD (DRIVERTOLE),Driver Tole,,Rupandehi,Rupandehi,np,np        ,NULL,NULL,NULL,NULL
MISSION DEV BANK LTD,11000337,NULL,MISSION DEV BANK LTD (BUTWAL),Durgamandir Line, Butwal,,Rupandehi,Rupandehi,np,np        ,NULL,NULL,NULL,NULL
NEPAL MULTI PURPOSE CO-OPERATIVE SOCIETY LTD.,11000349,NULL,
NEPAL MULTI PURPOSE CO-OPERATIVE SOCIETY LTD (KAKARVITTA)
,NEPAL MULTI PURPOSR CO-OPERATIVE SOCIETY LTD,,,,np,np        ,NULL,NULL,NULL,NULL
NEPAL MULTI PURPOSE CO-OPERATIVE SOCIETY LTD.,11000350,NULL,
NEPAL MULTI PURPOSE CO-OPERATIVE SOCIETY LTD (BIRTAMODE)
,Biratmod,,jhapa,jhapa,np,np        ,NULL,NULL,NULL,NULL
NEPAL MULTI PURPOSE CO-OPERATIVE SOCIETY LTD.,11000351,NULL,
NEPAL MULTI PURPOSE CO-OPERATIVE SOCIETY LTD.(CHARALI)
,Charali,,Jhapa,Jhapa,np,np        ,NULL,NULL,NULL,NULL
NEPAL MULTI PURPOSE CO-OPERATIVE SOCIETY LTD.,11000352,NULL,
NEPAL MULTI PURPOSE CO-OPERATIVE SOCIETY LTD. (CHANDRAGADI)
,Chandragadi,,Jhapa,Jhapa,np,np        ,NULL,NULL,NULL,NULL
NEPAL MULTI PURPOSE CO-OPERATIVE SOCIETY LTD.,11000353,NULL,
NEPAL MULTI PURPOSE CO-OPERATIVE SOCIETY LTD. (BUDHABARE)
,Budhabare,,Jhapa,Jhapa,np,np        ,NULL,NULL,NULL,NULL
NEPAL MULTI PURPOSE CO-OPERATIVE SOCIETY LTD.,11000354,NULL,
NEPAL MULTI PURPOSE CO-OPERATIVE SOCIETY LTD. (SANISCHARE)
,Sanischare,,Jhapa,Jhapa,np,np        ,NULL,NULL,NULL,NULL
NEPAL MULTI PURPOSE CO-OPERATIVE SOCIETY LTD.,11000355,NULL,
NEPAL MULTI PURPOSE CO-OPERATIVE SOCIETY LTD. (SURUNGA)
,Surunga,,Jhapa,Jhapa,np,np        ,NULL,NULL,NULL,NULL
NEPAL MULTI PURPOSE CO-OPERATIVE SOCIETY LTD.,11000356,NULL,
NEPAL MULTI PURPOSE CO-OPERATIVE SOCIETY LTD. (BANIYANI)
,Baniyani,,Jhapa,Jhapa,np,np        ,NULL,NULL,NULL,NULL
NEPAL MULTI PURPOSE CO-OPERATIVE SOCIETY LTD.,11000357,NULL,
NEPAL MULTI PURPOSE CO-OPERATIVE SOCIETY LTD. (DHULABARI)
,Dhulabari,,Jhapa,Jhapa,np,np        ,NULL,NULL,NULL,NULL
OM FINANCE LTD,11000359,NULL,OM FINANCE LTD (NEWROAD),Newroad, Pokhara,,Kaski,Kaski,np,np        ,NULL,NULL,NULL,NULL
OM FINANCE LTD,11000360,NULL,OM FINANCE LTD (BAGDURBAR),Bagdurbar, Sundhara,,Kathmandu,Kathmandu,np,np        ,NULL,NULL,NULL,NULL
OM FINANCE LTD,11000361,NULL,OM FINANCE LTD (DAMAULI),Safa Sadak, Damauli,,Tanahu,Tanahu,np,np        ,NULL,NULL,NULL,NULL
OM FINANCE LTD,11000362,NULL,OM FINANCE LTD (BESISAHAR),Besisahar, Lamjung,,Lamjung,Lamjung,np,np        ,NULL,NULL,NULL,NULL
OM FINANCE LTD,11000363,NULL,OM FINANCE LTD (RAM BAZAR),Ram Bazar, Pokhara,,Kaski,Kaski,np,np        ,NULL,NULL,NULL,NULL
OM FINANCE LTD,11000364,NULL,OM FINANCE LTD (BHAIRAB TOLE),Bhairab Tole, Pokhara,,Kaski,Kaski,np,np        ,NULL,NULL,NULL,NULL
OM FINANCE LTD,11000365,NULL,OM FINANCE LTD (MAHARAJGUNJ),Maharajgunj, Kathmandu,,Kathmandu,Kathmandu,np,np        ,NULL,NULL,NULL,NULL
OM FINANCE LTD,11000366,NULL,OM FINANCE LTD (BHAKTAPUR),Golmadi, Bhaktapur,,Bhaktapur,Bhaktapur,np,np        ,NULL,NULL,NULL,NULL
OM FINANCE LTD,11000367,NULL,OM FINANCE LTD (KUMARIPATI),Kumaripati, Lalitpur,,Lalitpur,Lalitpur,np,np        ,NULL,NULL,NULL,NULL
SANIMA BANK LTD.,11000380,NULL,SANIMA BANK LTD (HETAUDA),parijat Path, Hetauda,,Makwanpur,Makwanpur,np,np        ,NULL,NULL,NULL,NULL
APEX DEVELOPMENT BANK LTD.,11000384,NULL,APEX DEVELOPMENT BANK LTD. (BIDHYAPUR),Bidhyapur, Surkhet,,Surkhet,Surkhet,np,np        ,NULL,NULL,NULL,NULL
APEX DEVELOPMENT BANK LTD.,11000385,NULL,APEX DEVELOPMENT BANK LTD. (JAHARE),Jahare, Surkhet,,Surkhet,Surkhet,np,np        ,NULL,NULL,NULL,NULL
APEX DEVELOPMENT BANK LTD.,11000386,NULL,APEX DEVELOPMENT BANK LTD. (NEPALGUNJ),Nepalgunj, Banke,,Banke,Banke,np,np        ,NULL,NULL,NULL,NULL
APEX DEVELOPMENT BANK LTD.,11000387,NULL,APEX DEVELOPMENT BANK LTD. (GULARIYA),Gulariya, Bardiya,,Bardiya,Bardiya,np,np        ,NULL,NULL,NULL,NULL
APEX DEVELOPMENT BANK LTD.,11000388,NULL,APEX DEVELOPMENT BANK LTD. (CHIPLEDHUNGA),B P Chowk, Chipledhunga,,Kaski,Kaski,np,np        ,NULL,NULL,NULL,NULL
APEX DEVELOPMENT BANK LTD.,11000389,NULL,APEX DEVELOPMENT BANK LTD. (LEKHNATH),Talchowk,,Kaski,Kaski,np,np        ,NULL,NULL,NULL,NULL
APEX DEVELOPMENT BANK LTD.,11000390,NULL,APEX DEVELOPMENT BANK LTD. (AABOKHAIRENI),Aabokhaireni,,Tanahu,Tanahu,np,np        ,NULL,NULL,NULL,NULL
APEX DEVELOPMENT BANK LTD.,11000391,NULL,APEX DEVELOPMENT BANK LTD. (BAJHAPATAN),Bajhapatan,,Kaski,Kaski,np,np        ,NULL,NULL,NULL,NULL
APEX DEVELOPMENT BANK LTD.,11000392,NULL,APEX DEVELOPMENT BANK LTD. (BHARATPOKHARI),Bharatpokhari,,Kaski,Kaski,np,np        ,NULL,NULL,NULL,NULL
APEX DEVELOPMENT BANK LTD.,11000393,NULL,APEX DEVELOPMENT BANK LTD. (HARI CHOWK),Hari Chowk,,Kaski,Kaski,np,np        ,NULL,NULL,NULL,NULL
APEX DEVELOPMENT BANK LTD.,11000394,NULL,APEX DEVELOPMENT BANK LTD. (BHIMAD),Bhimad,,Tanahu,Tanahu,np,np        ,NULL,NULL,NULL,NULL
APEX DEVELOPMENT BANK LTD.,11000395,NULL,APEX DEVELOPMENT BANK LTD. (DURBARMARG),Durbarmarg,,Kathmandu,Kathmandu,np,np        ,NULL,NULL,NULL,NULL
APEX DEVELOPMENT BANK LTD.,11000396,NULL,APEX DEVELOPMENT BANK LTD. (NARAYANGHAT),Narayanghat,,Chitwan,Chitwan,np,np        ,NULL,NULL,NULL,NULL
APEX DEVELOPMENT BANK LTD.,11000397,NULL,APEX DEVELOPMENT BANK LTD. (LOKANTHALI),Lokanthali,,Bhaktapur,Bhaktapur,np,np        ,NULL,NULL,NULL,NULL
MUKTINATH BIKAS BANK LTD.,11000400,NULL,MUKTINATH BIKAS BANK (CHAPAKOT),Chapakot, Syangja,,Syangja,Syangja,np,np        ,NULL,NULL,NULL,NULL
SANIMA BANK LTD.,11000402,NULL,SANIMA BANK LTD (GHORAHI),Ghorahi,,Dang,Dang,np,np        ,NULL,NULL,NULL,NULL
SANIMA BANK LTD.,11000403,NULL,SANIMA BANK LTD (DHANGADHI),Dhangadhi,,Kailali,Kailali,np,np        ,NULL,NULL,NULL,NULL
MANGAL ARATI SAVING And CREDIT CO-OPERATIVE LTD,11000408,NULL,
MANGAL ARATI SAVING AND CREDIT CO OPERATIVE LTD (BASUNDHARA BRANCH)
,BASUNDHARA- KATHMANDU,,KATHAMANDU,KATHAMANDU,np,np        ,NULL,NULL,NULL,NULL
MANGAL ARATI SAVING And CREDIT CO-OPERATIVE LTD,11000409,NULL,MANGAL ARATI SAVING AND CREDIT CO- OPERATIVE LTD,BINAYAK CHOWK- DHAPASI,,KATHMANDU,KATHMANDU,np,np        ,NULL,NULL,NULL,NULL
MISSION DEV BANK LTD,11000432,NULL,MISSION DEV BANK LTD (KARAHIYA),Semara, Karahiya,,Rupandehi,Rupandehi,np,np        ,NULL,NULL,NULL,NULL
KAILASH BIKAS BANK LTD.,11000435,NULL,KAILASH BIKAS BANK LTD. (PUTALISADAK),New Plaza,,Kathmandu,Kathmandu,np,np        ,NULL,NULL,NULL,NULL
KAILASH BIKAS BANK LTD.,11000436,NULL,KAILASH BIKAS BANK LTD. (MAHABOUDDHA),Mahabouddha,,Kathmandu,Kathmandu,np,np        ,NULL,NULL,NULL,NULL
KAILASH BIKAS BANK LTD.,11000437,NULL,KAILASH BIKAS BANK LTD. (SAMAKHUSHI),Samakhushi,,Kathmandu,Kathmandu,np,np        ,NULL,NULL,NULL,NULL
KAILASH BIKAS BANK LTD.,11000438,NULL,KAILASH BIKAS BANK LTD. (CHABAHIL),Infront of Nepal Telecom,,Kathmandu,Kathmandu,np,np        ,NULL,NULL,NULL,NULL
KAILASH BIKAS BANK LTD.,11000439,NULL,KAILASH BIKAS BANK LTD. (KALANKI),Kalanki,,Kathmandu,Kathmandu,np,np        ,NULL,NULL,NULL,NULL
KAILASH BIKAS BANK LTD.,11000440,NULL,KAILASH BIKAS BANK LTD. (CHYAMHASIMHA),Chyamhasingh, Bhaktapur,,Kathmandu,Kathmandu,np,np        ,NULL,NULL,NULL,NULL
KAILASH BIKAS BANK LTD.,11000441,NULL,KAILASH BIKAS BANK LTD. (THIMI),Thimi,,Bhaktapur,Bhaktapur,np,np        ,NULL,NULL,NULL,NULL
KAILASH BIKAS BANK LTD.,11000442,NULL,KAILASH BIKAS BANK LTD. (MANGAL BAZAAR),Mangalbazaar,,Lalitpur,Lalitpur,np,np        ,NULL,NULL,NULL,NULL
KAILASH BIKAS BANK LTD.,11000443,NULL,KAILASH BIKAS BANK LTD. (NEW ROAD),Bishal Bazaar,,Kathmandu,Kathmandu,np,np        ,NULL,NULL,NULL,NULL
KAILASH BIKAS BANK LTD.,11000444,NULL,KAILASH BIKAS BANK LTD. (CHIPLEDHUNGA),Chipledhunga,,Kaski,Kaski,np,np        ,NULL,NULL,NULL,NULL
KAILASH BIKAS BANK LTD.,11000445,NULL,KAILASH BIKAS BANK LTD. (LAMACHOUR),Lamachour,,Kaski,Kaski,np,np        ,NULL,NULL,NULL,NULL
KAILASH BIKAS BANK LTD.,11000446,NULL,KAILASH BIKAS BANK LTD. (PRITHIVI CHOWK),Prithivi Chowk,,Kaski,Kaski,np,np        ,NULL,NULL,NULL,NULL
KAILASH BIKAS BANK LTD.,11000447,NULL,KAILASH BIKAS BANK LTD. (LAKESIDE),Lakeside,,Kaski,Kaski,np,np        ,NULL,NULL,NULL,NULL
KAILASH BIKAS BANK LTD.,11000448,NULL,KAILASH BIKAS BANK LTD. (NARAYANGADH),Narayangadh,,Chitwan,Chitwan,np,np        ,NULL,NULL,NULL,NULL
KAILASH BIKAS BANK LTD.,11000449,NULL,KAILASH BIKAS BANK LTD. (DAMAULI),Damauli,,Tanahu,Tanahu,np,np        ,NULL,NULL,NULL,NULL
KAILASH BIKAS BANK LTD.,11000450,NULL,KAILASH BIKAS BANK LTD. (BAGLUNG),Baglung,,Baglung,Baglung,np,np        ,NULL,NULL,NULL,NULL
KAILASH BIKAS BANK LTD.,11000451,NULL,KAILASH BIKAS BANK LTD. (BANJHAPATAN),Banjhapatan,,Kaski,Kaski,np,np        ,NULL,NULL,NULL,NULL
KAILASH BIKAS BANK LTD.,11000452,NULL,KAILASH BIKAS BANK LTD. (BUDHIBAZAAR),Budhibazaar,,Kaski,Kaski,np,np        ,NULL,NULL,NULL,NULL
KAILASH BIKAS BANK LTD.,11000453,NULL,KAILASH BIKAS BANK LTD. (PUTALIBAZAAR),Syangja,,Syangja,Syangja,np,np        ,NULL,NULL,NULL,NULL
KAILASH BIKAS BANK LTD.,11000454,NULL,KAILASH BIKAS BANK LTD. (BUTWAL),Chauraha,,Rupandehi,Rupandehi,np,np        ,NULL,NULL,NULL,NULL
KAILASH BIKAS BANK LTD.,11000455,NULL,KAILASH BIKAS BANK LTD. (ARGHAKHANCHI),Arghakhanchi,,Arghakhanchi,Arghakhanchi,np,np        ,NULL,NULL,NULL,NULL
KAILASH BIKAS BANK LTD.,11000456,NULL,KAILASH BIKAS BANK LTD. (PARBAT),Kushma,,Parbat,Parbat,np,np        ,NULL,NULL,NULL,NULL
CIVIC DEV. BANK LTD.,11000458,NULL,CIVIC DEV. BANK LTD. (DHADING),Sugam Tole,,Dhading,Dhading,np,np        ,NULL,NULL,NULL,NULL
CIVIC DEV. BANK LTD.,11000459,NULL,CIVIC DEV. BANK LTD. (BAIRENI),Baireni,,Dhading,Dhading,np,np        ,NULL,NULL,NULL,NULL
CIVIC DEV. BANK LTD.,11000460,NULL,CIVIC DEV. BANK LTD. (AARUGHAT),Aarughat,,Dhading,Dhading,np,np        ,NULL,NULL,NULL,NULL
CIVIC DEV. BANK LTD.,11000461,NULL,CIVIC DEV. BANK LTD. (PUCHHAR BAZAAR),Puchhar BAzaar,,Dhading,Dhading,np,np        ,NULL,NULL,NULL,NULL
CIVIC DEV. BANK LTD.,11000462,NULL,CIVIC DEV. BANK LTD. (ADAMGHAT),Adamghat,,Dhading,Dhading,np,np        ,NULL,NULL,NULL,NULL
OTHER BANK,11000470,NULL,NAXAL,,,kathmandu,kathmandu,np,np        ,NULL,NULL,NULL,NULL
YOURS TOURS And TRAVELS PVT LTD.,11000473,NULL,YOURS TOURS AND TRAVELS,SUNDHARA- KATHMANDU,,KATHMANDU,KATHMANDU,np,np        ,NULL,NULL,NULL,NULL
FIRST UNIQUE TOURS AND TRAVELS PVT. LTD,11000474,NULL,
FIRST UNIQUE TOURS AND TRAVELS PVT. LTD. (NEW BANSESHWOR)
,New Baneshwor, opposite Water Tank,,Kathmandu,Kathmandu,np,np        ,NULL,NULL,NULL,NULL
FIRST UNIQUE TOURS AND TRAVELS PVT. LTD,11000475,NULL,FIRST UNIQUE TOURS AND TRAVELS PVT. LTD. (DHARAN),Bhanu Chowk, Dharan,,Sunsari,Sunsari,np,np        ,NULL,NULL,NULL,NULL
MALIKA VIKAS BANK LTD.,11000476,NULL,MALIKA VIKAS BANK LTD. (PAKADI),Pakadi, Kapilvastu,,Kapilvastu,Kapilvastu,np,np        ,NULL,NULL,NULL,NULL
MALIKA VIKAS BANK LTD.,11000477,NULL,MALIKA VIKAS BANK LTD. (RAJAPUR),Rajapur, Bardiya,,Bardiya,Bardiya,np,np        ,NULL,NULL,NULL,NULL
MUKTINATH BIKAS BANK LTD.,11000478,NULL,MUKTINATH BIKAS BANK (MAHENDRA POOL),B P Chowk,,Kaski,Kaski,np,np        ,NULL,NULL,NULL,NULL
SHINE RESUNGA DEVELOPMENT BANK LTD.,11000480,NULL,SHINE RESUNGA DEVELOPMENT BANK LTD. (BUTWAL),Siddhartha Road, Butwal,,Rupandehi,Rupandehi,np,np        ,NULL,NULL,NULL,NULL
SHINE RESUNGA DEVELOPMENT BANK LTD.,11000481,NULL,
SHINE RESUNGA DEVELOPMENT BANK LTD. (SANDHIKHARKHA)
,Sandhikharkha, Arghakhanchi,,Arghakhanchi,Arghakhanchi,np,np        ,NULL,NULL,NULL,NULL
SHINE RESUNGA DEVELOPMENT BANK LTD.,11000482,NULL,SHINE RESUNGA DEVELOPMENT BANK LTD. (CHUTRABESI),Chutrabesi, Arghakhanchi,,Arghakhanchi,Arghakhanchi,np,np        ,NULL,NULL,NULL,NULL
SHINE RESUNGA DEVELOPMENT BANK LTD.,11000483,NULL,SHINE RESUNGA DEVELOPMENT BANK LTD. (YOGIKUTI),Yogikuti, Rupandehi,,Rupandehi,Rupandehi,np,np        ,NULL,NULL,NULL,NULL
SHINE RESUNGA DEVELOPMENT BANK LTD.,11000484,NULL,SHINE RESUNGA DEVELOPMENT BANK LTD. (MANGALAPUR),Mangalapur,,Rupandehi,Rupandehi,np,np        ,NULL,NULL,NULL,NULL
SHINE RESUNGA DEVELOPMENT BANK LTD.,11000485,NULL,SHINE RESUNGA DEVELOPMENT BANK LTD. (JYOTINAGAR),Jyotinagar, Rupandehi,,Rupandehi,Rupandehi,np,np        ,NULL,NULL,NULL,NULL
SHINE RESUNGA DEVELOPMENT BANK LTD.,11000486,NULL,SHINE RESUNGA DEVELOPMENT BANK LTD. (RUDRAPUR),Thakali Chowk, Rudrapur,,Rupandehi,Rupandehi,np,np        ,NULL,NULL,NULL,NULL
SHINE RESUNGA DEVELOPMENT BANK LTD.,11000487,NULL,SHINE RESUNGA DEVELOPMENT BANK LTD. (BHUMAHI),Bhumahi,,Nawalparasi,Nawalparasi,np,np        ,NULL,NULL,NULL,NULL
SHINE RESUNGA DEVELOPMENT BANK LTD.,11000488,NULL,SHINE RESUNGA DEVELOPMENT BANK LTD. (AMARAHI),Thada, Amarahi,,Arghakhanchi,Arghakhanchi,np,np        ,NULL,NULL,NULL,NULL
APEX DEVELOPMENT BANK LTD.,11000498,NULL,APEX DEVELOPMENT BANK LTD. (ITAHARI,ITAHARI,,,,np,np        ,NULL,NULL,NULL,NULL
APEX DEVELOPMENT BANK LTD.,11000499,NULL,APEX DEVELOPMENT BANK LTD. (Birgunj,Link Road,,Birgunj,Birgunj,np,np        ,NULL,NULL,NULL,NULL
SHINE RESUNGA DEVELOPMENT BANK LTD.,11000505,NULL,SHINE RESUNGA DEVELOPMENT BANK LTD. (BURTIBANG),Sangam Chowk,,,,np,np        ,NULL,NULL,NULL,NULL
CIVIC DEV. BANK LTD.,11000506,NULL,CIVIC DEV. BANK LTD. (SALYANTAR),Salyantar,,Dhading,Dhading,np,np        ,NULL,NULL,NULL,NULL
NEPAL MULTI PURPOSE CO-OPERATIVE SOCIETY LTD.,11000507,NULL,
NEPAL MULTI PURPOSE CO-OPERATIVE SOCIETY LTD (BAHUNDANGI)
,BAHUNDANGI, JHAPA,,JHAPA,JHAPA,np,np        ,NULL,NULL,NULL,NULL
APEX DEVELOPMENT BANK LTD.,11000508,NULL,APEX DEVELOPMENT BANK LTD. (BUTWAL),Butwal, Near Traffic Chowk,,Rupandehi,Rupandehi,np,np        ,NULL,NULL,NULL,NULL
APEX DEVELOPMENT BANK LTD.,11000509,NULL,APEX DEVELOPMENT BANK LTD. (DAILEKH),Dailekh Bazaar,,Dailekh,Dailekh,np,np        ,NULL,NULL,NULL,NULL
SANIMA BANK LTD.,11000513,NULL,SANIMA BANK LTD (EKANTAKUNA),Ekantakuna, Ringroad,,Lalitpur,Lalitpur,np,np        ,NULL,NULL,NULL,NULL
GANDAKI BIKAS BANK LTD,11000515,NULL,GANDAKI BIKAS BANK LTD. (HUWAS),Huwas, Parbat,,Parbat,Parbat,np,np        ,NULL,NULL,NULL,NULL
SANIMA BANK LTD.,11000521,NULL,SANIMA BANK LTD (MAHENDRANAGAR),Galli No 3, kanchanpur,,Kanchanpur,Kanchanpur,np,np        ,NULL,NULL,NULL,NULL
KUMARI BANK LTD.,11000524,NULL,KUMARI BANK LTD. (PUTALISADAK),Putalisadak,,Kathmandu,Kathmandu,np,np        ,NULL,NULL,NULL,NULL
KUMARI BANK LTD.,11000525,NULL,KUMARI BANK LTD. (DURBARMARG),Durbarmarg,,Kathmandu,Kathmandu,np,np        ,NULL,NULL,NULL,NULL
KUMARI BANK LTD.,11000526,NULL,KUMARI BANK LTD. (NEW ROAD),New Road,,Kathmandu,Kathmandu,np,np        ,NULL,NULL,NULL,NULL
KUMARI BANK LTD.,11000527,NULL,KUMARI BANK LTD. (KUMARIPATI),Kumaripati,,Lalitpur,Lalitpur,np,np        ,NULL,NULL,NULL,NULL
KUMARI BANK LTD.,11000528,NULL,KUMARI BANK LTD. (GONGABU),Gongabu,,Kathmandu,Kathmandu,np,np        ,NULL,NULL,NULL,NULL
KUMARI BANK LTD.,11000529,NULL,KUMARI BANK LTD. (OLD BANESHWOR),Old Baneshwor,,Kathmandu,Kathmandu,np,np        ,NULL,NULL,NULL,NULL
KUMARI BANK LTD.,11000530,NULL,KUMARI BANK LTD. (CHABAHIL),Chabahil,,Kathmandu,Kathmandu,np,np        ,NULL,NULL,NULL,NULL
KUMARI BANK LTD.,11000531,NULL,KUMARI BANK LTD. (KOTESHWOR),Koteshwor,,Kathmandu,Kathmandu,np,np        ,NULL,NULL,NULL,NULL
KUMARI BANK LTD.,11000532,NULL,KUMARI BANK LTD. (BUDHANILKANTHA),Budhanilkantha,,Kathmandu,Kathmandu,np,np        ,NULL,NULL,NULL,NULL
KUMARI BANK LTD.,11000533,NULL,KUMARI BANK LTD. (BIRATNAGAR),Biratnagar,,Morang,Morang,np,np        ,NULL,NULL,NULL,NULL
KUMARI BANK LTD.,11000534,NULL,KUMARI BANK LTD. (ITAHARI),Itahari,,Sunsari,Sunsari,np,np        ,NULL,NULL,NULL,NULL
KUMARI BANK LTD.,11000535,NULL,KUMARI BANK LTD. (BIRTAMOD),Birtamod,,Jhapa,Jhapa,np,np        ,NULL,NULL,NULL,NULL
KUMARI BANK LTD.,11000536,NULL,KUMARI BANK LTD. (URLABARI),Urlabari,,021 541901,021 541901,np,np        ,NULL,NULL,NULL,NULL
KUMARI BANK LTD.,11000537,NULL,KUMARI BANK LTD. (BIRGUNJ),Birgunj,,Parsa,Parsa,np,np        ,NULL,NULL,NULL,NULL
KUMARI BANK LTD.,11000538,NULL,KUMARI BANK LTD. (NATIONAL MEDICAL COLLEGE),Parsa,,051 590022,051 590022,np,np        ,NULL,NULL,NULL,NULL
KUMARI BANK LTD.,11000539,NULL,KUMARI BANK LTD. (DRY PORT),Dry Port, Parsa,,Parsa,Parsa,np,np        ,NULL,NULL,NULL,NULL
KUMARI BANK LTD.,11000540,NULL,KUMARI BANK LTD. (NARAYANGHAD),Narayanghad,,Chitwan,Chitwan,np,np        ,NULL,NULL,NULL,NULL
KUMARI BANK LTD.,11000541,NULL,KUMARI BANK LTD. (SAURAHA),Sauraha,,Chitwan,Chitwan,np,np        ,NULL,NULL,NULL,NULL
KUMARI BANK LTD.,11000542,NULL,KUMARI BANK LTD. (KAWASOTI),Kawasoti,,Nawalparari,Nawalparari,np,np        ,NULL,NULL,NULL,NULL
KUMARI BANK LTD.,11000543,NULL,KUMARI BANK LTD. (POKHARA),Pokhara,,Kaski,Kaski,np,np        ,NULL,NULL,NULL,NULL
KUMARI BANK LTD.,11000544,NULL,KUMARI BANK LTD. (DAMAULI),Damauli,,Tanahu,Tanahu,np,np        ,NULL,NULL,NULL,NULL
KUMARI BANK LTD.,11000545,NULL,KUMARI BANK LTD. (BAGLUNG),Baglung,,Baglung,Baglung,np,np        ,NULL,NULL,NULL,NULL
KUMARI BANK LTD.,11000546,NULL,KUMARI BANK LTD. (BUTWAL),Butwal,,Rupandehi,Rupandehi,np,np        ,NULL,NULL,NULL,NULL
KUMARI BANK LTD.,11000547,NULL,KUMARI BANK LTD. (NEPALGUNJ),Nepalgunj,,Banke,Banke,np,np        ,NULL,NULL,NULL,NULL
KUMARI BANK LTD.,11000548,NULL,KUMARI BANK LTD. (DHANGADHI),Dhangadhi,,Kailali,Kailali,np,np        ,NULL,NULL,NULL,NULL
KUMARI BANK LTD.,11000549,NULL,KUMARI BANK LTD. (SURKHET),Surkhet,,Surkhet,Surkhet,np,np        ,NULL,NULL,NULL,NULL
KUMARI BANK LTD.,11000550,NULL,KUMARI BANK LTD. (SALYAN),Salyan,,Salyan,Salyan,np,np        ,NULL,NULL,NULL,NULL
KUMARI BANK LTD.,11000551,NULL,KUMARI BANK LTD. (TULSIPUR),Tulsipur,,Dang,Dang,np,np        ,NULL,NULL,NULL,NULL
KUMARI BANK LTD.,11000552,NULL,KUMARI BANK LTD. (BHAIRAHAWA),Bhairahawa,,Rupandehi,Rupandehi,np,np        ,NULL,NULL,NULL,NULL
GANDAKI BIKAS BANK LTD,11000555,NULL,GANDAKI BIKAS BANK LTD. (SEMLAR),Semlar, Rupandehi,,Rupandehi,Rupandehi,np,np        ,NULL,NULL,NULL,NULL
GANDAKI BIKAS BANK LTD,11000556,NULL,GANDAKI BIKAS BANK LTD. (BHAIRAHAWA),Bhairahawa,,Rupandehi,Rupandehi,np,np        ,NULL,NULL,NULL,NULL
GANDAKI BIKAS BANK LTD,11000557,NULL,GANDAKI BIKAS BANK LTD. (TANDI),Tandi, Chitwan,,Chitwan,Chitwan,np,np        ,NULL,NULL,NULL,NULL
GANDAKI BIKAS BANK LTD,11000558,NULL,GANDAKI BIKAS BANK LTD. (BARDAGHAT),Bardaghat,,Nawalparari,Nawalparari,np,np        ,NULL,NULL,NULL,NULL
GANDAKI BIKAS BANK LTD,11000559,NULL,GANDAKI BIKAS BANK LTD. (WALING),Waling,,Syangja,Syangja,np,np        ,NULL,NULL,NULL,NULL
SANIMA BANK LTD.,11000560,NULL,SANIMA BANK LTD (BIRTAMODE),Birtamode Jhapa,,Birtamode,Birtamode,np,np        ,NULL,NULL,NULL,NULL
SANIMA BANK LTD.,11000561,NULL,SANIMA BANK LTD (ITAHARI),ITAHARI SUNSARI,,ITAHARI- SUNSARI,ITAHARI- SUNSARI,np,np        ,NULL,NULL,NULL,NULL
SANIMA BANK LTD.,11000562,NULL,SANIMA BANK LTD (DHARAN),DHARAN 05 SUNSARI,,DHARAN,DHARAN,np,np        ,NULL,NULL,NULL,NULL
SANIMA BANK LTD.,11000563,NULL,SANIMA BANK LTD (JANAKPUR),JANAKPUR 02 DHANUSA,,JANAKPUR,JANAKPUR,np,np        ,NULL,NULL,NULL,NULL
SANIMA BANK LTD.,11000564,NULL,SANIMA BANK LTD (BHAIRAHAWA),Bhairahawa,,Rupandehi,Rupandehi,np,np        ,NULL,NULL,NULL,NULL
SANIMA BANK LTD.,11000565,NULL,SANIMA BANK LTD (KALAIYA),Kalaiya,,Bara,Bara,np,np        ,NULL,NULL,NULL,NULL
SANIMA BANK LTD.,11000566,NULL,SANIMA BANK LTD (LAHAN),Lahan,,Siraha,Siraha,np,np        ,NULL,NULL,NULL,NULL
SANIMA BANK LTD.,11000567,NULL,SANIMA BANK LTD (SURKHET),Surkhet,,Surkhet,Surkhet,np,np        ,NULL,NULL,NULL,NULL
KUMARI BANK LTD.,11000568,NULL,KUMARI BANK LTD. (KAPURKOT),Kapurkot, Salyan,,Salyan,Salyan,np,np        ,NULL,NULL,NULL,NULL
KUMARI BANK LTD.,11000569,NULL,KUMARI BANK LTD. (OKHALDHUNGA),Okhaldhunga,,Okhaldhunga,Okhaldhunga,np,np        ,NULL,NULL,NULL,NULL
KUMARI BANK LTD.,11000570,NULL,KUMARI BANK LTD. (MAHENDRANAGAR),Dhanusha,,Dhanusa,Dhanusa,np,np        ,NULL,NULL,NULL,NULL
KUMARI BANK LTD.,11000571,NULL,KUMARI BANK LTD. (NIJGADH),Nijgadh, Bara,,Bara,Bara,np,np        ,NULL,NULL,NULL,NULL
KUMARI BANK LTD.,11000572,NULL,KUMARI BANK LTD. (KOHALPUR),Kohalpur,,Banke,Banke,np,np        ,NULL,NULL,NULL,NULL
KUMARI BANK LTD.,11000573,NULL,KUMARI BANK LTD. (RUKUM),Musikot,,Rukum,Rukum,np,np        ,NULL,NULL,NULL,NULL
TINAU DEVELOPMENT BANK LTD.,11000575,NULL,TINAU DEVELOPMENT BANK LTD. (CHHAPIYA),Chhapiya, Dayanagar,,Rupandehi,Rupandehi,np,np        ,NULL,NULL,NULL,NULL
MUKTINATH BIKAS BANK LTD.,11000577,NULL,MUKTINATH BIKAS BANK (HEMJA),Hemja,,Kaski,Kaski,np,np        ,NULL,NULL,NULL,NULL
GREEN DEV BANK LTD.,11000580,NULL,GREEN DEV BANK LTD. (BAGLUNG),Baglung,,Baglung,Baglung,np,np        ,NULL,NULL,NULL,NULL
GREEN DEV BANK LTD.,11000581,NULL,GREEN DEV BANK LTD. (BENI),Myagdi, Beni,,Myagdi,Myagdi,np,np        ,NULL,NULL,NULL,NULL
SHINE RESUNGA DEVELOPMENT BANK LTD.,11000584,NULL,SHINE RESUNGA DEVELOPMENT BANK LTD. (BHAIRAHAWA),Bhairahawa,,Rupandehi,Rupandehi,np,np        ,NULL,NULL,NULL,NULL
UNITED FINANCE LTD.,11000587,NULL,UNITED FINANCE LTD. (BIRATNAGAR),Biratnagar,,Morang,Morang,np,np        ,NULL,NULL,NULL,NULL
UNITED FINANCE LTD.,11000588,NULL,UNITED FINANCE LTD. (BUTWAL),Butwal,,Rupandehi,Rupandehi,np,np        ,NULL,NULL,NULL,NULL
UNITED FINANCE LTD.,11000589,NULL,UNITED FINANCE LTD. (NEPALGUNJ),Nepalgunj,,Banke,Banke,np,np        ,NULL,NULL,NULL,NULL
UNITED FINANCE LTD.,11000590,NULL,UNITED FINANCE LTD. (NARAYANGADH),Narayangadh,,Chitwan,Chitwan,np,np        ,NULL,NULL,NULL,NULL
UNITED FINANCE LTD.,11000591,NULL,UNITED FINANCE LTD. (POKHARA),Pokhara,,Kaski,Kaski,np,np        ,NULL,NULL,NULL,NULL
UNITED FINANCE LTD.,11000592,NULL,UNITED FINANCE LTD. (NEWROAD),New Road,,Kathmandu,Kathmandu,np,np        ,NULL,NULL,NULL,NULL
UNITED FINANCE LTD.,11000593,NULL,UNITED FINANCE LTD. (KALIMATI),Kalimati,,Kathmandu,Kathmandu,np,np        ,NULL,NULL,NULL,NULL
UNITED FINANCE LTD.,11000594,NULL,UNITED FINANCE LTD. (THIMI),Thimi,,Bhaktapur,Bhaktapur,np,np        ,NULL,NULL,NULL,NULL
UNITED FINANCE LTD.,11000595,NULL,UNITED FINANCE LTD. (DANG),Dang,,Dang,Dang,np,np        ,NULL,NULL,NULL,NULL
UNITED FINANCE LTD.,11000596,NULL,UNITED FINANCE LTD. (BIRGUNJ),Birgunj,,Parsa,Parsa,np,np        ,NULL,NULL,NULL,NULL
UNITED FINANCE LTD.,11000597,NULL,UNITED FINANCE LTD. (DURBARMARG),Durbarmarg,,Kathmandu,Kathmandu,np,np        ,NULL,NULL,NULL,NULL
MUKTINATH BIKAS BANK LTD.,11000598,NULL,MUKTINATH BIKAS BANK (PALPA),Tansen, Palpa,,Palpa,Palpa,np,np        ,NULL,NULL,NULL,NULL
MUKTINATH BIKAS BANK LTD.,11000599,NULL,MUKTINATH BIKAS BANK (CHHOREPATAN),Chhorepatan,,Kaski,Kaski,np,np        ,NULL,NULL,NULL,NULL
SANIMA BANK LTD.,11000611,NULL,SANIMA BANK LTD (NAYABAZAAR),Nayabazaar,,Kathmandu,Kathmandu,np,np        ,NULL,NULL,NULL,NULL
KUMARI BANK LTD.,11000617,NULL,KUMARI BANK LTD. (THALI),Thali,,Kathmandu,Kathmandu,np,np        ,NULL,NULL,NULL,NULL
KUMARI BANK LTD.,11000618,NULL,KUMARI BANK LTD. (KALANKI),Kalanki,,Kathmandu,Kathmandu,np,np        ,NULL,NULL,NULL,NULL
MUKTINATH BIKAS BANK LTD.,11000620,NULL,MUKTINATH BIKAS BANK (BUDHI BAZAAR),Budhi Bazaar,,Kaski,Kaski,np,np        ,NULL,NULL,NULL,NULL
MUKTINATH BIKAS BANK LTD.,11000621,NULL,MUKTINATH BIKAS BANK (AADAMGHAT),Aadamghat,,Dhading,Dhading,np,np        ,NULL,NULL,NULL,NULL
MUKTINATH BIKAS BANK LTD.,11000622,NULL,MUKTINATH BIKAS BANK (AARUGHAT),Aarughat,,,,np,np        ,NULL,NULL,NULL,NULL
MUKTINATH BIKAS BANK LTD.,11000623,NULL,MUKTINATH BIKAS BANK (KARKINETA),Parbat,,Parbat,Parbat,np,np        ,NULL,NULL,NULL,NULL
MUKTINATH BIKAS BANK LTD.,11000624,NULL,MUKTINATH BIKAS BANK LTD. (SALYANTAR),Salyantar,,Dhading,Dhading,np,np        ,NULL,NULL,NULL,NULL
MUKTINATH BIKAS BANK LTD.,11000625,NULL,MUKTINATH BIKAS BANK (BAIRENI),Baireni,,,,np,np        ,NULL,NULL,NULL,NULL
PURNIMA BIKAS BANK LTD.,11000627,NULL,PURNIMA BIKAS BANK LTD(NARAYAGHAT),Narayaghat,,Chitwan,Chitwan,np,np        ,NULL,NULL,NULL,NULL
GARIMA BIKAS BANK LTD.,11000628,NULL,GARIMA BIKAS BANK LTD. (WALILNG),Waling,,,,np,np        ,NULL,NULL,NULL,NULL
GARIMA BIKAS BANK LTD.,11000629,NULL,GARIMA BIKAS BANK LTD. (GALYANG),Galyang,,,,np,np        ,NULL,NULL,NULL,NULL
GARIMA BIKAS BANK LTD.,11000630,NULL,GARIMA BIKAS BANK LTD. (RAMPUR),Rampur, Palpa,,,,np,np        ,NULL,NULL,NULL,NULL
GARIMA BIKAS BANK LTD.,11000631,NULL,GARIMA BIKAS BANK LTD. (SABHAGRIHA CHOWK),Sabhagriha Chowk, Pokhara,,,,np,np        ,NULL,NULL,NULL,NULL
GARIMA BIKAS BANK LTD.,11000632,NULL,GARIMA BIKAS BANK LTD. (PUTALI BAZAAR),Putalibazaar,,Syangja,Syangja,np,np        ,NULL,NULL,NULL,NULL
GARIMA BIKAS BANK LTD.,11000633,NULL,GARIMA BIKAS BANK LTD. (PALPA),Tansen, Palpa,,,,np,np        ,NULL,NULL,NULL,NULL
GARIMA BIKAS BANK LTD.,11000634,NULL,GARIMA BIKAS BANK LTD. (MAHENDRAPOOL),Mahendrapool,,,,np,np        ,NULL,NULL,NULL,NULL
GARIMA BIKAS BANK LTD.,11000635,NULL,GARIMA BIKAS BANK LTD. (BIRAUTA),Birauta,,,,np,np        ,NULL,NULL,NULL,NULL
GARIMA BIKAS BANK LTD.,11000636,NULL,GARIMA BIKAS BANK LTD. (BUTWAL),Butwal,,Rupandehi,Rupandehi,np,np        ,NULL,NULL,NULL,NULL
GARIMA BIKAS BANK LTD.,11000637,NULL,GARIMA BIKAS BANK LTD. (BHAIRAHAWA),Bhairahawa,,Rupandehi,Rupandehi,np,np        ,NULL,NULL,NULL,NULL
GARIMA BIKAS BANK LTD.,11000638,NULL,GARIMA BIKAS BANK LTD. (JITPUR),Jitpur,,Kapilvastu,Kapilvastu,np,np        ,NULL,NULL,NULL,NULL
GARIMA BIKAS BANK LTD.,11000639,NULL,GARIMA BIKAS BANK LTD. (KUSHMA),Kushma,,Parbat,Parbat,np,np        ,NULL,NULL,NULL,NULL
GARIMA BIKAS BANK LTD.,11000640,NULL,GARIMA BIKAS BANK LTD. (FALEWAS),Falewas,,Parbat,Parbat,np,np        ,NULL,NULL,NULL,NULL
GARIMA BIKAS BANK LTD.,11000641,NULL,GARIMA BIKAS BANK LTD. (HUWAS),Huwas,,Parbat,Parbat,np,np        ,NULL,NULL,NULL,NULL
GARIMA BIKAS BANK LTD.,11000642,NULL,GARIMA BIKAS BANK LTD. (BATULECHAUR),Batulechaur,,Kaski,Kaski,np,np        ,NULL,NULL,NULL,NULL
GARIMA BIKAS BANK LTD.,11000643,NULL,GARIMA BIKAS BANK LTD. (BAGLUNG),Baglung,,Baglung,Baglung,np,np        ,NULL,NULL,NULL,NULL
GARIMA BIKAS BANK LTD.,11000644,NULL,GARIMA BIKAS BANK LTD. (KAWASOTI),Kawasoti,,Nawalparari,Nawalparari,np,np        ,NULL,NULL,NULL,NULL
GARIMA BIKAS BANK LTD.,11000645,NULL,GARIMA BIKAS BANK LTD. (BAYARGHARI),Bayarghari,,Syangja,Syangja,np,np        ,NULL,NULL,NULL,NULL
GARIMA BIKAS BANK LTD.,11000646,NULL,GARIMA BIKAS BANK LTD. (DAMAULI),Damauli,,Tanahu,Tanahu,np,np        ,NULL,NULL,NULL,NULL
GARIMA BIKAS BANK LTD.,11000647,NULL,GARIMA BIKAS BANK LTD. (BENI),Myagdi,,Myagdi,Myagdi,np,np        ,NULL,NULL,NULL,NULL
GARIMA BIKAS BANK LTD.,11000648,NULL,GARIMA BIKAS BANK LTD. (DARBANG),Darbang,,Myagdi,Myagdi,np,np        ,NULL,NULL,NULL,NULL
GARIMA BIKAS BANK LTD.,11000649,NULL,GARIMA BIKAS BANK LTD. (BHURUNG TATOPANI),Bhurung,,Myagdi,Myagdi,np,np        ,NULL,NULL,NULL,NULL
GARIMA BIKAS BANK LTD.,11000650,NULL,GARIMA BIKAS BANK LTD. (BABIYA CHAUR),Babiyachaur,,Myagdi,Myagdi,np,np        ,NULL,NULL,NULL,NULL
GARIMA BIKAS BANK LTD.,11000651,NULL,GARIMA BIKAS BANK LTD. (GALESHWOR),Galeshwor,,Myagdi,Myagdi,np,np        ,NULL,NULL,NULL,NULL
GARIMA BIKAS BANK LTD.,11000652,NULL,GARIMA BIKAS BANK LTD. (SUNAWAL),Sunawal,,Nawalparari,Nawalparari,np,np        ,NULL,NULL,NULL,NULL
CITY DEVELOPMENT BANK LTD.,11000655,NULL,CITY DEVELOPMENT BANK LTD.(CHIPLEDHUNGA),Chipledhunga,,Kaski,Kaski,np,np        ,NULL,NULL,NULL,NULL
CITY DEVELOPMENT BANK LTD.,11000656,NULL,CITY DEVELOPMENT BANK LTD.(BAGAR),Bagar, Taxi Chowk,,Kaski,Kaski,np,np        ,NULL,NULL,NULL,NULL
CITY DEVELOPMENT BANK LTD.,11000657,NULL,CITY DEVELOPMENT BANK LTD.(AMARSING),Amarsing Chowk,,Kaski,Kaski,np,np        ,NULL,NULL,NULL,NULL
CITY DEVELOPMENT BANK LTD.,11000658,NULL,CITY DEVELOPMENT BANK LTD.(HEMJA),Hemja, MIlan Chowk,,Kaski,Kaski,np,np        ,NULL,NULL,NULL,NULL
CITY DEVELOPMENT BANK LTD.,11000659,NULL,CITY DEVELOPMENT BANK LTD.(BHIMAD),Bhimad Bazar,,Tanahu,Tanahu,np,np        ,NULL,NULL,NULL,NULL
CITY DEVELOPMENT BANK LTD.,11000660,NULL,CITY DEVELOPMENT BANK LTD.(BHOTEWODAR),Bhotewodar,,Lamjung,Lamjung,np,np        ,NULL,NULL,NULL,NULL
CITY DEVELOPMENT BANK LTD.,11000661,NULL,CITY DEVELOPMENT BANK LTD.(DAMAULI),Damauli, Safa Sadak,,Tanahu,Tanahu,np,np        ,NULL,NULL,NULL,NULL
CITY DEVELOPMENT BANK LTD.,11000662,NULL,CITY DEVELOPMENT BANK LTD.(NAGDANDA),Dhikurpokhari, Nagdanda,,Kaski,Kaski,np,np        ,NULL,NULL,NULL,NULL
CITY DEVELOPMENT BANK LTD.,11000663,NULL,CITY DEVELOPMENT BANK LTD.(TURTURE),Turture, Tanahu,,Tanahu,Tanahu,np,np        ,NULL,NULL,NULL,NULL
CITY DEVELOPMENT BANK LTD.,11000664,NULL,CITY DEVELOPMENT BANK LTD.(MANANG),Chame Bazaar,,Manang,Manang,np,np        ,NULL,NULL,NULL,NULL
CITY DEVELOPMENT BANK LTD.,11000665,NULL,CITY DEVELOPMENT BANK LTD.(NARAYANGHAT),Lions Chowk,,Chitwan,Chitwan,np,np        ,NULL,NULL,NULL,NULL
CITY DEVELOPMENT BANK LTD.,11000666,NULL,CITY DEVELOPMENT BANK LTD.(SHISHUWA),Shishuwa, Lekhnath, Kaski,,Kaski,Kaski,np,np        ,NULL,NULL,NULL,NULL
CITY DEVELOPMENT BANK LTD.,11000667,NULL,CITY DEVELOPMENT BANK LTD.(BAGLUNG),Baglung, Mahendrapath,,Baglung,Baglung,np,np        ,NULL,NULL,NULL,NULL
CITY DEVELOPMENT BANK LTD.,11000668,NULL,CITY DEVELOPMENT BANK LTD.(BHARATPUR),Malpot chowk,,Chitwan,Chitwan,np,np        ,NULL,NULL,NULL,NULL
CITY DEVELOPMENT BANK LTD.,11000669,NULL,CITY DEVELOPMENT BANK LTD.(LAMACHOUR),Lamachour Chowk,,Kaski,Kaski,np,np        ,NULL,NULL,NULL,NULL
CITY DEVELOPMENT BANK LTD.,11000670,NULL,CITY DEVELOPMENT BANK LTD.(KUSMI SERA),Tallo Bazar Chowk,,,,np,np        ,NULL,NULL,NULL,NULL
CITY DEVELOPMENT BANK LTD.,11000671,NULL,CITY DEVELOPMENT BANK LTD.(BANDIPUR),Bandipur,,Tanahu,Tanahu,np,np        ,NULL,NULL,NULL,NULL
SANIMA BANK LTD.,11000672,NULL,SANIMA BANK LTD (DAMAULI),Damauli,,Tanahu,Tanahu,np,np        ,NULL,NULL,NULL,NULL
SANIMA BANK LTD.,11000673,NULL,SANIMA BANK LTD (BANEPA),Surya Bhawan, Banepa,,Kavrepalanchowk,Kavrepalanchowk,np,np        ,NULL,NULL,NULL,NULL
MITERI DEVELOPMENT BANK LTD.,11000675,NULL,MITERI DEVELOPMENT BANK LTD.(DHARAN),Mahendrapath,,Sunsari,Sunsari,np,np        ,NULL,NULL,NULL,NULL
MITERI DEVELOPMENT BANK LTD.,11000676,NULL,MITERI DEVELOPMENT BANK LTD.(TARAHARA),Tarahara,,Sunsari,Sunsari,np,np        ,NULL,NULL,NULL,NULL
MITERI DEVELOPMENT BANK LTD.,11000677,NULL,MITERI DEVELOPMENT BANK LTD.(Jhumka),Jhumka,,Sunsari,Sunsari,np,np        ,NULL,NULL,NULL,NULL
MITERI DEVELOPMENT BANK LTD.,11000678,NULL,MITERI DEVELOPMENT BANK LTD.(Urlabari),Urlabari,,Morang,Morang,np,np        ,NULL,NULL,NULL,NULL
MITERI DEVELOPMENT BANK LTD.,11000679,NULL,MITERI DEVELOPMENT BANK LTD.(Biratchowk),Biratchowk,,Morang,Morang,np,np        ,NULL,NULL,NULL,NULL
MITERI DEVELOPMENT BANK LTD.,11000680,NULL,MITERI DEVELOPMENT BANK LTD.(khanar),Khanar,,Sunsari,Sunsari,np,np        ,NULL,NULL,NULL,NULL
MITERI DEVELOPMENT BANK LTD.,11000681,NULL,MITERI DEVELOPMENT BANK LTD.(damravitta),Itahara, Damravitta,,Morang,Morang,np,np        ,NULL,NULL,NULL,NULL
MITERI DEVELOPMENT BANK LTD.,11000682,NULL,MITERI DEVELOPMENT BANK LTD.(surunga),Surunga,,Jhapa,Jhapa,np,np        ,NULL,NULL,NULL,NULL
MITERI DEVELOPMENT BANK LTD.,11000683,NULL,MITERI DEVELOPMENT BANK LTD.(ramailo),Ramailo,,Morang,Morang,np,np        ,NULL,NULL,NULL,NULL
MITERI DEVELOPMENT BANK LTD.,11000684,NULL,MITERI DEVELOPMENT BANK LTD.(chatara),Chatara,,Sunsari,Sunsari,np,np        ,NULL,NULL,NULL,NULL
NIRDHAN UTTHAN BANK LTD.,11000686,NULL,Nirdhan Utthan Bank Ltd.(Aryabhanjgyang),Aryabhanjgyang,,Palpa,Palpa,np,np        ,NULL,NULL,NULL,NULL
NIRDHAN UTTHAN BANK LTD.,11000687,NULL,Nirdhan Utthan Bank Ltd.(Attariya),Attariya,,Kailali,Kailali,np,np        ,NULL,NULL,NULL,NULL
NIRDHAN UTTHAN BANK LTD.,11000688,NULL,Nirdhan Utthan Bank Ltd.(Aurahi),Aurahi,,Mahottari,Mahottari,np,np        ,NULL,NULL,NULL,NULL
NIRDHAN UTTHAN BANK LTD.,11000689,NULL,Nirdhan Utthan Bank Ltd.(Babiyachaur),Babiyachaur,,Maygdi,Maygdi,np,np        ,NULL,NULL,NULL,NULL
NIRDHAN UTTHAN BANK LTD.,11000690,NULL,Nirdhan Utthan Bank Ltd.(Bandipur),Bandipur,,Siraha,Siraha,np,np        ,NULL,NULL,NULL,NULL
NIRDHAN UTTHAN BANK LTD.,11000691,NULL,Nirdhan Utthan Bank Ltd.(Bansagadhi),Bansagadhi,,Bardiya,Bardiya,np,np        ,NULL,NULL,NULL,NULL
NIRDHAN UTTHAN BANK LTD.,11000692,NULL,Nirdhan Utthan Bank Ltd.(Banstari),Banstari,,Palpa,Palpa,np,np        ,NULL,NULL,NULL,NULL
NIRDHAN UTTHAN BANK LTD.,11000693,NULL,Nirdhan Utthan Bank Ltd.(Barahathawa),Barahathawa,,Sarlahi,Sarlahi,np,np        ,NULL,NULL,NULL,NULL
NIRDHAN UTTHAN BANK LTD.,11000694,NULL,Nirdhan Utthan Bank Ltd.(Basantapatti),Basantapatti,,Rautahat,Rautahat,np,np        ,NULL,NULL,NULL,NULL
NIRDHAN UTTHAN BANK LTD.,11000695,NULL,Nirdhan Utthan Bank Ltd.(Belatari),Belatari,,Nawalparasi,Nawalparasi,np,np        ,NULL,NULL,NULL,NULL
NIRDHAN UTTHAN BANK LTD.,11000696,NULL,Nirdhan Utthan Bank Ltd.(Belauri),Belauri,,Kanchanpur,Kanchanpur,np,np        ,NULL,NULL,NULL,NULL
NIRDHAN UTTHAN BANK LTD.,11000697,NULL,Nirdhan Utthan Bank Ltd.(Beltar),Beltar,,Udaypur,Udaypur,np,np        ,NULL,NULL,NULL,NULL
NIRDHAN UTTHAN BANK LTD.,11000698,NULL,Nirdhan Utthan Bank Ltd.(Bhairahawa),Bhairahawa,,Rupandehi,Rupandehi,np,np        ,NULL,NULL,NULL,NULL
NIRDHAN UTTHAN BANK LTD.,11000699,NULL,Nirdhan Utthan Bank Ltd.(Bhandara),Bhandara,,Chitwan,Chitwan,np,np        ,NULL,NULL,NULL,NULL
NIRDHAN UTTHAN BANK LTD.,11000700,NULL,Nirdhan Utthan Bank Ltd.(Bharatpur),Bharatpur,,Chitwan,Chitwan,np,np        ,NULL,NULL,NULL,NULL
NIRDHAN UTTHAN BANK LTD.,11000701,NULL,Nirdhan Utthan Bank Ltd.(Bhingribazar),Bhingribazar,,Puthan,Puthan,np,np        ,NULL,NULL,NULL,NULL
NIRDHAN UTTHAN BANK LTD.,11000702,NULL,Nirdhan Utthan Bank Ltd.(Bhojpur),Bhojpur,,Bhojpur,Bhojpur,np,np        ,NULL,NULL,NULL,NULL
NIRDHAN UTTHAN BANK LTD.,11000703,NULL,Nirdhan Utthan Bank Ltd.(Bhurigau),Bhurigau,,Bardiya,Bardiya,np,np        ,NULL,NULL,NULL,NULL
NIRDHAN UTTHAN BANK LTD.,11000704,NULL,Nirdhan Utthan Bank Ltd.(Biddhapur),Biddhapur,,Surkhet,Surkhet,np,np        ,NULL,NULL,NULL,NULL
NIRDHAN UTTHAN BANK LTD.,11000705,NULL,Nirdhan Utthan Bank Ltd.(Bijayabasti),Bijayabasti,,Parsa,Parsa,np,np        ,NULL,NULL,NULL,NULL
NIRDHAN UTTHAN BANK LTD.,11000706,NULL,Nirdhan Utthan Bank Ltd.(Bijuwar),Bijuwar,,Puthan,Puthan,np,np        ,NULL,NULL,NULL,NULL
NIRDHAN UTTHAN BANK LTD.,11000707,NULL,Nirdhan Utthan Bank Ltd.(Bindabasini),Bindabasini,,Parsa,Parsa,np,np        ,NULL,NULL,NULL,NULL
NIRDHAN UTTHAN BANK LTD.,11000708,NULL,Nirdhan Utthan Bank Ltd.(Biratchok),Biratchok,,Morang,Morang,np,np        ,NULL,NULL,NULL,NULL
NIRDHAN UTTHAN BANK LTD.,11000709,NULL,Nirdhan Utthan Bank Ltd.(Biratnagar),Biratnagar,,Morang,Morang,np,np        ,NULL,NULL,NULL,NULL
NIRDHAN UTTHAN BANK LTD.,11000710,NULL,Nirdhan Utthan Bank Ltd.(Birendranagar),Birendranagar,,Surkhet,Surkhet,np,np        ,NULL,NULL,NULL,NULL
NIRDHAN UTTHAN BANK LTD.,11000711,NULL,Nirdhan Utthan Bank Ltd.(Birgunj),Birgunj,,Parsa,Parsa,np,np        ,NULL,NULL,NULL,NULL
NIRDHAN UTTHAN BANK LTD.,11000712,NULL,Nirdhan Utthan Bank Ltd.(Biruwaguthi),Biruwaguthi,,Parsa,Parsa,np,np        ,NULL,NULL,NULL,NULL
NIRDHAN UTTHAN BANK LTD.,11000713,NULL,Nirdhan Utthan Bank Ltd.(Bodebarshain),Bodebarshain,,Saptari,Saptari,np,np        ,NULL,NULL,NULL,NULL
NIRDHAN UTTHAN BANK LTD.,11000714,NULL,Nirdhan Utthan Bank Ltd.(Burtibang),Burtibang,,Baglung,Baglung,np,np        ,NULL,NULL,NULL,NULL
NIRDHAN UTTHAN BANK LTD.,11000715,NULL,Nirdhan Utthan Bank Ltd.(Butwal),Butwal,,Rupandehi,Rupandehi,np,np        ,NULL,NULL,NULL,NULL
NIRDHAN UTTHAN BANK LTD.,11000716,NULL,Nirdhan Utthan Bank Ltd.(Chainpur),Chainpur,,Sankhuwasabha,Sankhuwasabha,np,np        ,NULL,NULL,NULL,NULL
NIRDHAN UTTHAN BANK LTD.,11000717,NULL,Nirdhan Utthan Bank Ltd.(Chainpur),Chainpur,,Bajhang,Bajhang,np,np        ,NULL,NULL,NULL,NULL
NIRDHAN UTTHAN BANK LTD.,11000718,NULL,Nirdhan Utthan Bank Ltd.(Chame),Chame,,Manang,Manang,np,np        ,NULL,NULL,NULL,NULL
NIRDHAN UTTHAN BANK LTD.,11000719,NULL,Nirdhan Utthan Bank Ltd.(Chanauli),Chanauli,,Chitawan,Chitawan,np,np        ,NULL,NULL,NULL,NULL
NIRDHAN UTTHAN BANK LTD.,11000720,NULL,Nirdhan Utthan Bank Ltd.(Chandragadhi),Chandragadhi,,Jhapa,Jhapa,np,np        ,NULL,NULL,NULL,NULL
NIRDHAN UTTHAN BANK LTD.,11000721,NULL,Nirdhan Utthan Bank Ltd.(Chandranigahapur),Chandranigahapur,,Rautahat,Rautahat,np,np        ,NULL,NULL,NULL,NULL
NIRDHAN UTTHAN BANK LTD.,11000722,NULL,Nirdhan Utthan Bank Ltd.(Chaulekha),Chaulekha,,Saptari,Saptari,np,np        ,NULL,NULL,NULL,NULL
NIRDHAN UTTHAN BANK LTD.,11000723,NULL,Nirdhan Utthan Bank Ltd.(Chaurjhari),Chaurjhari,,Rukum,Rukum,np,np        ,NULL,NULL,NULL,NULL
NIRDHAN UTTHAN BANK LTD.,11000724,NULL,Nirdhan Utthan Bank Ltd.(Chhahara),Chhahara,,Palpa,Palpa,np,np        ,NULL,NULL,NULL,NULL
NIRDHAN UTTHAN BANK LTD.,11000725,NULL,Nirdhan Utthan Bank Ltd.(Chhaling),Chhaling,,Bhaktapur,Bhaktapur,np,np        ,NULL,NULL,NULL,NULL
NIRDHAN UTTHAN BANK LTD.,11000726,NULL,Nirdhan Utthan Bank Ltd.(Chhatrebaj),Chhatrebaj,,Kavreplanchock,Kavreplanchock,np,np        ,NULL,NULL,NULL,NULL
NIRDHAN UTTHAN BANK LTD.,11000727,NULL,Nirdhan Utthan Bank Ltd.(Chohorwa),Chohorwa,,Siraha,Siraha,np,np        ,NULL,NULL,NULL,NULL
NIRDHAN UTTHAN BANK LTD.,11000728,NULL,Nirdhan Utthan Bank Ltd.(Dadeldhura),Dadeldhura,,Dadeldhura,Dadeldhura,np,np        ,NULL,NULL,NULL,NULL
NIRDHAN UTTHAN BANK LTD.,11000729,NULL,Nirdhan Utthan Bank Ltd.(Dailekh),Dailekh,,Dailekh,Dailekh,np,np        ,NULL,NULL,NULL,NULL
NIRDHAN UTTHAN BANK LTD.,11000730,NULL,Nirdhan Utthan Bank Ltd.(Dakshinkali),Dakshinkali,,Kathmandu,Kathmandu,np,np        ,NULL,NULL,NULL,NULL
NIRDHAN UTTHAN BANK LTD.,11000731,NULL,Nirdhan Utthan Bank Ltd.(Daldale),Daldale,,Nawalparasi,Nawalparasi,np,np        ,NULL,NULL,NULL,NULL
NIRDHAN UTTHAN BANK LTD.,11000732,NULL,Nirdhan Utthan Bank Ltd.(Damak),Damak,,Jhapa,Jhapa,np,np        ,NULL,NULL,NULL,NULL
NIRDHAN UTTHAN BANK LTD.,11000733,NULL,Nirdhan Utthan Bank Ltd.(DashrathChand),DashrathChand,,Baitadi,Baitadi,np,np        ,NULL,NULL,NULL,NULL
NIRDHAN UTTHAN BANK LTD.,11000734,NULL,Nirdhan Utthan Bank Ltd.(Dauune Devi),Dauune Devi,,Nawalprasi,Nawalprasi,np,np        ,NULL,NULL,NULL,NULL
NIRDHAN UTTHAN BANK LTD.,11000735,NULL,Nirdhan Utthan Bank Ltd.(Dhakdhai),Dhakdhai,,Rupandehi,Rupandehi,np,np        ,NULL,NULL,NULL,NULL
NIRDHAN UTTHAN BANK LTD.,11000736,NULL,Nirdhan Utthan Bank Ltd.(Dhanushadham),Dhanushadham,,Dhanusha,Dhanusha,np,np        ,NULL,NULL,NULL,NULL
NIRDHAN UTTHAN BANK LTD.,11000737,NULL,Nirdhan Utthan Bank Ltd.(Dhikure),Dhikure,,Nuwakot,Nuwakot,np,np        ,NULL,NULL,NULL,NULL
NIRDHAN UTTHAN BANK LTD.,11000738,NULL,Nirdhan Utthan Bank Ltd.(Dhulabari),Dhulabari,,Jhapa,Jhapa,np,np        ,NULL,NULL,NULL,NULL
NIRDHAN UTTHAN BANK LTD.,11000739,NULL,Nirdhan Utthan Bank Ltd.(Diktel),Diktel,,Khotang,Khotang,np,np        ,NULL,NULL,NULL,NULL
NIRDHAN UTTHAN BANK LTD.,11000740,NULL,Nirdhan Utthan Bank Ltd.(Dolpa),Dolpa,,Dolpa,Dolpa,np,np        ,NULL,NULL,NULL,NULL
NIRDHAN UTTHAN BANK LTD.,11000741,NULL,Nirdhan Utthan Bank Ltd.(Duipiple),Duipiple,,Lamjung,Lamjung,np,np        ,NULL,NULL,NULL,NULL
NIRDHAN UTTHAN BANK LTD.,11000742,NULL,Nirdhan Utthan Bank Ltd.(Dulegauda),Dulegauda,,Tanahu,Tanahu,np,np        ,NULL,NULL,NULL,NULL
NIRDHAN UTTHAN BANK LTD.,11000743,NULL,Nirdhan Utthan Bank Ltd.(Dullu),Dullu,,Dailekh,Dailekh,np,np        ,NULL,NULL,NULL,NULL
NIRDHAN UTTHAN BANK LTD.,11000744,NULL,Nirdhan Utthan Bank Ltd.(Farsatikar),Farsatikar,,Rupandehi,Rupandehi,np,np        ,NULL,NULL,NULL,NULL
NIRDHAN UTTHAN BANK LTD.,11000745,NULL,Nirdhan Utthan Bank Ltd.(Fattepur),Fattepur,,Banke,Banke,np,np        ,NULL,NULL,NULL,NULL
NIRDHAN UTTHAN BANK LTD.,11000746,NULL,Nirdhan Utthan Bank Ltd.(Gadauta),Gadauta,,Sarlahi,Sarlahi,np,np        ,NULL,NULL,NULL,NULL
NIRDHAN UTTHAN BANK LTD.,11000747,NULL,Nirdhan Utthan Bank Ltd.(Gadhawa),Gadhawa,,Dang,Dang,np,np        ,NULL,NULL,NULL,NULL
NIRDHAN UTTHAN BANK LTD.,11000748,NULL,Nirdhan Utthan Bank Ltd.(Gagalfedi),Gagalfedi,,Kathmandu,Kathmandu,np,np        ,NULL,NULL,NULL,NULL
NIRDHAN UTTHAN BANK LTD.,11000749,NULL,Nirdhan Utthan Bank Ltd.(Gaikhur),Gaikhur,,Gorkha,Gorkha,np,np        ,NULL,NULL,NULL,NULL
NIRDHAN UTTHAN BANK LTD.,11000750,NULL,Nirdhan Utthan Bank Ltd.(Galchhi),Galchhi,,Dhading,Dhading,np,np        ,NULL,NULL,NULL,NULL
NIRDHAN UTTHAN BANK LTD.,11000751,NULL,Nirdhan Utthan Bank Ltd.(Galkot),Galkot,,Baglung,Baglung,np,np        ,NULL,NULL,NULL,NULL
NIRDHAN UTTHAN BANK LTD.,11000752,NULL,Nirdhan Utthan Bank Ltd.(Galyang),Galyang,,Syangja,Syangja,np,np        ,NULL,NULL,NULL,NULL
NIRDHAN UTTHAN BANK LTD.,11000753,NULL,Nirdhan Utthan Bank Ltd.(Ganjbhawanipur),Ganjbhawanipur,,Bara,Bara,np,np        ,NULL,NULL,NULL,NULL
NIRDHAN UTTHAN BANK LTD.,11000754,NULL,Nirdhan Utthan Bank Ltd.(Garuda),Garuda,,Rautahat,Rautahat,np,np        ,NULL,NULL,NULL,NULL
NIRDHAN UTTHAN BANK LTD.,11000755,NULL,Nirdhan Utthan Bank Ltd.(Gaur),Gaur,,Rautahat,Rautahat,np,np        ,NULL,NULL,NULL,NULL
NIRDHAN UTTHAN BANK LTD.,11000756,NULL,Nirdhan Utthan Bank Ltd.(Gauradaha),Gauradaha,,Jhapa,Jhapa,np,np        ,NULL,NULL,NULL,NULL
NIRDHAN UTTHAN BANK LTD.,11000757,NULL,Nirdhan Utthan Bank Ltd.(Gaushala),Gaushala,,Mahottari,Mahottari,np,np        ,NULL,NULL,NULL,NULL
NIRDHAN UTTHAN BANK LTD.,11000758,NULL,Nirdhan Utthan Bank Ltd.(Ghasa),Ghasa,,Mustang,Mustang,np,np        ,NULL,NULL,NULL,NULL
NIRDHAN UTTHAN BANK LTD.,11000759,NULL,Nirdhan Utthan Bank Ltd.(Ghorahi),Ghorahi,,Dang,Dang,np,np        ,NULL,NULL,NULL,NULL
NIRDHAN UTTHAN BANK LTD.,11000760,NULL,Nirdhan Utthan Bank Ltd.(Gokuleshowr),Gokuleshowr,,Darchula,Darchula,np,np        ,NULL,NULL,NULL,NULL
NIRDHAN UTTHAN BANK LTD.,11000761,NULL,Nirdhan Utthan Bank Ltd.(Gulariya),Gulariya,,Bardia,Bardia,np,np        ,NULL,NULL,NULL,NULL
NIRDHAN UTTHAN BANK LTD.,11000762,NULL,Nirdhan Utthan Bank Ltd.(Gumgadhi),Gumgadhi,,Mugu,Mugu,np,np        ,NULL,NULL,NULL,NULL
NIRDHAN UTTHAN BANK LTD.,11000763,NULL,Nirdhan Utthan Bank Ltd.(Haleshi),Haleshi,,Khotang,Khotang,np,np        ,NULL,NULL,NULL,NULL
NIRDHAN UTTHAN BANK LTD.,11000764,NULL,Nirdhan Utthan Bank Ltd.(Haraiya),Haraiya,,Rupandehi,Rupandehi,np,np        ,NULL,NULL,NULL,NULL
NIRDHAN UTTHAN BANK LTD.,11000765,NULL,Nirdhan Utthan Bank Ltd.(Hetauda),Hetauda,,Makawanpur,Makawanpur,np,np        ,NULL,NULL,NULL,NULL
NIRDHAN UTTHAN BANK LTD.,11000766,NULL,Nirdhan Utthan Bank Ltd.(Hile),Hile,,Dhankuta,Dhankuta,np,np        ,NULL,NULL,NULL,NULL
NIRDHAN UTTHAN BANK LTD.,11000767,NULL,Nirdhan Utthan Bank Ltd.(Illam),Illam,,Ilam,Ilam,np,np        ,NULL,NULL,NULL,NULL
NIRDHAN UTTHAN BANK LTD.,11000768,NULL,Nirdhan Utthan Bank Ltd.(Imiliya),Imiliya,,Kapilbastu,Kapilbastu,np,np        ,NULL,NULL,NULL,NULL
NIRDHAN UTTHAN BANK LTD.,11000769,NULL,Nirdhan Utthan Bank Ltd.(Jabgadhi),Jabgadhi,,Palpa,Palpa,np,np        ,NULL,NULL,NULL,NULL
NIRDHAN UTTHAN BANK LTD.,11000770,NULL,Nirdhan Utthan Bank Ltd.(Jahare),Jahare,,Surkhet,Surkhet,np,np        ,NULL,NULL,NULL,NULL
NIRDHAN UTTHAN BANK LTD.,11000771,NULL,Nirdhan Utthan Bank Ltd.(Jaleshwor),Jaleshwor,,Mahottari,Mahottari,np,np        ,NULL,NULL,NULL,NULL
NIRDHAN UTTHAN BANK LTD.,11000772,NULL,Nirdhan Utthan Bank Ltd.(Janakpur),Janakpur,,Janakpur,Janakpur,np,np        ,NULL,NULL,NULL,NULL
NIRDHAN UTTHAN BANK LTD.,11000773,NULL,Nirdhan Utthan Bank Ltd.(Jethel),Jethel,,Sindupalchowk,Sindupalchowk,np,np        ,NULL,NULL,NULL,NULL
NIRDHAN UTTHAN BANK LTD.,11000774,NULL,Nirdhan Utthan Bank Ltd.(Jhalari),Jhalari,,Kanchanpur,Kanchanpur,np,np        ,NULL,NULL,NULL,NULL
NIRDHAN UTTHAN BANK LTD.,11000775,NULL,Nirdhan Utthan Bank Ltd.(Jhumka),Jhumka,,Sunsari,Sunsari,np,np        ,NULL,NULL,NULL,NULL
NIRDHAN UTTHAN BANK LTD.,11000776,NULL,Nirdhan Utthan Bank Ltd.(Jogbudha),Jogbudha,,Dadeldhura,Dadeldhura,np,np        ,NULL,NULL,NULL,NULL
NIRDHAN UTTHAN BANK LTD.,11000777,NULL,Nirdhan Utthan Bank Ltd.(Johang),Johang,,Gulmi,Gulmi,np,np        ,NULL,NULL,NULL,NULL
NIRDHAN UTTHAN BANK LTD.,11000778,NULL,Nirdhan Utthan Bank Ltd.(Joshipur),Joshipur,,kaillai,kaillai,np,np        ,NULL,NULL,NULL,NULL
NIRDHAN UTTHAN BANK LTD.,11000779,NULL,Nirdhan Utthan Bank Ltd.(Jumla),Jumla,,Jumla,Jumla,np,np        ,NULL,NULL,NULL,NULL
NIRDHAN UTTHAN BANK LTD.,11000780,NULL,Nirdhan Utthan Bank Ltd.(Kalaiya),Kalaiya,,Bara,Bara,np,np        ,NULL,NULL,NULL,NULL
NIRDHAN UTTHAN BANK LTD.,11000781,NULL,Nirdhan Utthan Bank Ltd.(Kalikasthan),Kalikasthan,,Rasuwa,Rasuwa,np,np        ,NULL,NULL,NULL,NULL
NIRDHAN UTTHAN BANK LTD.,11000782,NULL,Nirdhan Utthan Bank Ltd.(Kanchanpur),Kanchanpur,,Saptari,Saptari,np,np        ,NULL,NULL,NULL,NULL
NIRDHAN UTTHAN BANK LTD.,11000783,NULL,Nirdhan Utthan Bank Ltd.(Karsiya),Karsiya,,Morang,Morang,np,np        ,NULL,NULL,NULL,NULL
NIRDHAN UTTHAN BANK LTD.,11000784,NULL,Nirdhan Utthan Bank Ltd.(Kathauna),Kathauna,,Saptari,Saptari,np,np        ,NULL,NULL,NULL,NULL
NIRDHAN UTTHAN BANK LTD.,11000785,NULL,Nirdhan Utthan Bank Ltd.(Khajura),Khajura,,Banke,Banke,np,np        ,NULL,NULL,NULL,NULL
NIRDHAN UTTHAN BANK LTD.,11000786,NULL,Nirdhan Utthan Bank Ltd.(Khalanga-Jagarkot),Khalanga-Jagarkot,,Jajarkot,Jajarkot,np,np        ,NULL,NULL,NULL,NULL
NIRDHAN UTTHAN BANK LTD.,11000787,NULL,Nirdhan Utthan Bank Ltd.(Khandabari),Khandabari,,Sankhuwasabha,Sankhuwasabha,np,np        ,NULL,NULL,NULL,NULL
NIRDHAN UTTHAN BANK LTD.,11000788,NULL,Nirdhan Utthan Bank Ltd.(Kharbang),Kharbang,,Baglung,Baglung,np,np        ,NULL,NULL,NULL,NULL
NIRDHAN UTTHAN BANK LTD.,11000789,NULL,Nirdhan Utthan Bank Ltd.(Khurkot),Khurkot,,Sindhuli,Sindhuli,np,np        ,NULL,NULL,NULL,NULL
NIRDHAN UTTHAN BANK LTD.,11000790,NULL,Nirdhan Utthan Bank Ltd.(Kohalpur),Kohalpur,,Banke,Banke,np,np        ,NULL,NULL,NULL,NULL
NIRDHAN UTTHAN BANK LTD.,11000791,NULL,Nirdhan Utthan Bank Ltd.(Kolhabi),Kolhabi,,Bara,Bara,np,np        ,NULL,NULL,NULL,NULL
NIRDHAN UTTHAN BANK LTD.,11000792,NULL,Nirdhan Utthan Bank Ltd.(Kotihawa),Kotihawa,,Rupandehi,Rupandehi,np,np        ,NULL,NULL,NULL,NULL
NIRDHAN UTTHAN BANK LTD.,11000793,NULL,Nirdhan Utthan Bank Ltd.(Lahan),Lahan,,Siraha,Siraha,np,np        ,NULL,NULL,NULL,NULL
NIRDHAN UTTHAN BANK LTD.,11000794,NULL,Nirdhan Utthan Bank Ltd.(Lamki),Lamki,,Kailali,Kailali,np,np        ,NULL,NULL,NULL,NULL
NIRDHAN UTTHAN BANK LTD.,11000795,NULL,Nirdhan Utthan Bank Ltd.(Madi),Madi,,Chitwan,Chitwan,np,np        ,NULL,NULL,NULL,NULL
NIRDHAN UTTHAN BANK LTD.,11000796,NULL,Nirdhan Utthan Bank Ltd.(Mahajidiya),Mahajidiya,,Rupandehi,Rupandehi,np,np        ,NULL,NULL,NULL,NULL
NIRDHAN UTTHAN BANK LTD.,11000797,NULL,Nirdhan Utthan Bank Ltd.(Mahendranagar, Dhanusha),Mahendranagar, Dhanusha,,Dhanusha,Dhanusha,np,np        ,NULL,NULL,NULL,NULL
NIRDHAN UTTHAN BANK LTD.,11000798,NULL,Nirdhan Utthan Bank Ltd.(Mahendranagar, Kanchnpur),Mahendranagar, Kanchnpur,,Kanchanpur,Kanchanpur,np,np        ,NULL,NULL,NULL,NULL
NIRDHAN UTTHAN BANK LTD.,11000799,NULL,Nirdhan Utthan Bank Ltd.(Majhagawa),Majhagawa,,Rupandehi,Rupandehi,np,np        ,NULL,NULL,NULL,NULL
NIRDHAN UTTHAN BANK LTD.,11000800,NULL,Nirdhan Utthan Bank Ltd.(Mangalsen),Mangalsen,,Achham,Achham,np,np        ,NULL,NULL,NULL,NULL
NIRDHAN UTTHAN BANK LTD.,11000801,NULL,Nirdhan Utthan Bank Ltd.(Manma-Kalikot),Manma-Kalikot,,Kalikot,Kalikot,np,np        ,NULL,NULL,NULL,NULL
NIRDHAN UTTHAN BANK LTD.,11000802,NULL,Nirdhan Utthan Bank Ltd.(Martadi),Martadi,,Bajura,Bajura,np,np        ,NULL,NULL,NULL,NULL
NIRDHAN UTTHAN BANK LTD.,11000803,NULL,Nirdhan Utthan Bank Ltd.(Masuriya),Masuriya,,kailali,kailali,np,np        ,NULL,NULL,NULL,NULL
NIRDHAN UTTHAN BANK LTD.,11000804,NULL,Nirdhan Utthan Bank Ltd.(Mugling),Mugling,,Chitwan,Chitwan,np,np        ,NULL,NULL,NULL,NULL
NIRDHAN UTTHAN BANK LTD.,11000805,NULL,Nirdhan Utthan Bank Ltd.(Murkuchchhi),Murkuchchhi,,Uadyapur,Uadyapur,np,np        ,NULL,NULL,NULL,NULL
NIRDHAN UTTHAN BANK LTD.,11000806,NULL,Nirdhan Utthan Bank Ltd.(Myaglung),Myaglung,,Terhathum,Terhathum,np,np        ,NULL,NULL,NULL,NULL
NIRDHAN UTTHAN BANK LTD.,11000807,NULL,Nirdhan Utthan Bank Ltd.(Namdu),Namdu,,Dolkha,Dolkha,np,np        ,NULL,NULL,NULL,NULL
NIRDHAN UTTHAN BANK LTD.,11000808,NULL,Nirdhan Utthan Bank Ltd.(Nawalpur),Nawalpur,,Sindupalchowk,Sindupalchowk,np,np        ,NULL,NULL,NULL,NULL
NIRDHAN UTTHAN BANK LTD.,11000809,NULL,Nirdhan Utthan Bank Ltd.(Nawalpur),Nawalpur,,Sarlahi,Sarlahi,np,np        ,NULL,NULL,NULL,NULL
NIRDHAN UTTHAN BANK LTD.,11000810,NULL,Nirdhan Utthan Bank Ltd.(Odari),Odari,,Kapilvastu,Kapilvastu,np,np        ,NULL,NULL,NULL,NULL
NIRDHAN UTTHAN BANK LTD.,11000811,NULL,Nirdhan Utthan Bank Ltd.(Ohkaldhunga),Ohkaldhunga,,Ohkaldhunga,Ohkaldhunga,np,np        ,NULL,NULL,NULL,NULL
NIRDHAN UTTHAN BANK LTD.,11000812,NULL,Nirdhan Utthan Bank Ltd.(Palung),Palung,,Makawanpur,Makawanpur,np,np        ,NULL,NULL,NULL,NULL
NIRDHAN UTTHAN BANK LTD.,11000813,NULL,Nirdhan Utthan Bank Ltd.(Panchkanya),Panchkanya,,Sunsari,Sunsari,np,np        ,NULL,NULL,NULL,NULL
NIRDHAN UTTHAN BANK LTD.,11000814,NULL,Nirdhan Utthan Bank Ltd.(Parasauni),Parasauni,,Bara,Bara,np,np        ,NULL,NULL,NULL,NULL
NIRDHAN UTTHAN BANK LTD.,11000815,NULL,Nirdhan Utthan Bank Ltd.(Parasi),Parasi,,Nawalparasi,Nawalparasi,np,np        ,NULL,NULL,NULL,NULL
NIRDHAN UTTHAN BANK LTD.,11000816,NULL,Nirdhan Utthan Bank Ltd.(Paraspur),Paraspur,,Banke,Banke,np,np        ,NULL,NULL,NULL,NULL
NIRDHAN UTTHAN BANK LTD.,11000817,NULL,Nirdhan Utthan Bank Ltd.(Parawanipur),Parawanipur,,Bara,Bara,np,np        ,NULL,NULL,NULL,NULL
NIRDHAN UTTHAN BANK LTD.,11000818,NULL,Nirdhan Utthan Bank Ltd.(Patichaur),Patichaur,,Parbat,Parbat,np,np        ,NULL,NULL,NULL,NULL
NIRDHAN UTTHAN BANK LTD.,11000819,NULL,Nirdhan Utthan Bank Ltd.(Phidim),Phidim,,Phanchthar,Phanchthar,np,np        ,NULL,NULL,NULL,NULL
NIRDHAN UTTHAN BANK LTD.,11000820,NULL,Nirdhan Utthan Bank Ltd.(Phikkal),Phikkal,,Ilam,Ilam,np,np        ,NULL,NULL,NULL,NULL
NIRDHAN UTTHAN BANK LTD.,11000821,NULL,Nirdhan Utthan Bank Ltd.(Phulbari Kailai),Phulbari Kailai,,Kailali,Kailali,np,np        ,NULL,NULL,NULL,NULL
NIRDHAN UTTHAN BANK LTD.,11000822,NULL,Nirdhan Utthan Bank Ltd.(Phungling),Phungling,,Taplejung,Taplejung,np,np        ,NULL,NULL,NULL,NULL
NIRDHAN UTTHAN BANK LTD.,11000823,NULL,Nirdhan Utthan Bank Ltd.(Pokhara),Pokhara,,Kaski,Kaski,np,np        ,NULL,NULL,NULL,NULL
NIRDHAN UTTHAN BANK LTD.,11000824,NULL,Nirdhan Utthan Bank Ltd.(Pokhariya),Pokhariya,,Parsa,Parsa,np,np        ,NULL,NULL,NULL,NULL
NIRDHAN UTTHAN BANK LTD.,11000825,NULL,Nirdhan Utthan Bank Ltd.(Prakashpur),Prakashpur,,Sunsari,Sunsari,np,np        ,NULL,NULL,NULL,NULL
NIRDHAN UTTHAN BANK LTD.,11000826,NULL,Nirdhan Utthan Bank Ltd.(Putalibazar),Putalibazar,,Syangja,Syangja,np,np        ,NULL,NULL,NULL,NULL
NIRDHAN UTTHAN BANK LTD.,11000827,NULL,Nirdhan Utthan Bank Ltd.(Rabi),Rabi,,Panchthar,Panchthar,np,np        ,NULL,NULL,NULL,NULL
NIRDHAN UTTHAN BANK LTD.,11000828,NULL,Nirdhan Utthan Bank Ltd.(Rahale),Rahale,,Parbat,Parbat,np,np        ,NULL,NULL,NULL,NULL
NIRDHAN UTTHAN BANK LTD.,11000829,NULL,Nirdhan Utthan Bank Ltd.(Rajapur),Rajapur,,Bardiya,Bardiya,np,np        ,NULL,NULL,NULL,NULL
NIRDHAN UTTHAN BANK LTD.,11000830,NULL,Nirdhan Utthan Bank Ltd.(Ramapur),Ramapur,,Rupandehi,Rupandehi,np,np        ,NULL,NULL,NULL,NULL
NIRDHAN UTTHAN BANK LTD.,11000831,NULL,Nirdhan Utthan Bank Ltd.(Ramkot),Ramkot,,Kathmandu,Kathmandu,np,np        ,NULL,NULL,NULL,NULL
NIRDHAN UTTHAN BANK LTD.,11000832,NULL,Nirdhan Utthan Bank Ltd.(Ranjha),Ranjha,,Banke,Banke,np,np        ,NULL,NULL,NULL,NULL
NIRDHAN UTTHAN BANK LTD.,11000833,NULL,Nirdhan Utthan Bank Ltd.(Sakhutar),Sakhutar,,Ramechhap,Ramechhap,np,np        ,NULL,NULL,NULL,NULL
NIRDHAN UTTHAN BANK LTD.,11000834,NULL,Nirdhan Utthan Bank Ltd.(Salleri),Salleri,,Solukhumbu,Solukhumbu,np,np        ,NULL,NULL,NULL,NULL
NIRDHAN UTTHAN BANK LTD.,11000835,NULL,Nirdhan Utthan Bank Ltd.(Sallibazar),Sallibazar,,Salyan,Salyan,np,np        ,NULL,NULL,NULL,NULL
NIRDHAN UTTHAN BANK LTD.,11000836,NULL,Nirdhan Utthan Bank Ltd.(Sandhikharka),Sandhikharka,,Arghakhanchi,Arghakhanchi,np,np        ,NULL,NULL,NULL,NULL
NIRDHAN UTTHAN BANK LTD.,11000837,NULL,Nirdhan Utthan Bank Ltd.(Sawastiyachuki),Sawastiyachuki,,Kanchanpur,Kanchanpur,np,np        ,NULL,NULL,NULL,NULL
NIRDHAN UTTHAN BANK LTD.,11000838,NULL,Nirdhan Utthan Bank Ltd.(Shaphebagar),Shaphebagar,,Achham,Achham,np,np        ,NULL,NULL,NULL,NULL
NIRDHAN UTTHAN BANK LTD.,11000839,NULL,Nirdhan Utthan Bank Ltd.(Shitalnagar),Shitalnagar,,Rupandehi,Rupandehi,np,np        ,NULL,NULL,NULL,NULL
NIRDHAN UTTHAN BANK LTD.,11000840,NULL,Nirdhan Utthan Bank Ltd.(Shreepur),Shreepur,,Parsa,Parsa,np,np        ,NULL,NULL,NULL,NULL
NIRDHAN UTTHAN BANK LTD.,11000841,NULL,Nirdhan Utthan Bank Ltd.(Shukhad),Shukhad,,Kailali,Kailali,np,np        ,NULL,NULL,NULL,NULL
NIRDHAN UTTHAN BANK LTD.,11000842,NULL,Nirdhan Utthan Bank Ltd.(Silgadhi),Silgadhi,,Doti,Doti,np,np        ,NULL,NULL,NULL,NULL
NIRDHAN UTTHAN BANK LTD.,11000843,NULL,Nirdhan Utthan Bank Ltd.(Simara),Simara,,Bara,Bara,np,np        ,NULL,NULL,NULL,NULL
NIRDHAN UTTHAN BANK LTD.,11000844,NULL,Nirdhan Utthan Bank Ltd.(Simaraungadh),Simaraungadh,,Bara,Bara,np,np        ,NULL,NULL,NULL,NULL
NIRDHAN UTTHAN BANK LTD.,11000845,NULL,Nirdhan Utthan Bank Ltd.(Simikot),Simikot,,Humla,Humla,np,np        ,NULL,NULL,NULL,NULL
NIRDHAN UTTHAN BANK LTD.,11000846,NULL,Nirdhan Utthan Bank Ltd.(Sisahaniya),Sisahaniya,,Dang,Dang,np,np        ,NULL,NULL,NULL,NULL
NIRDHAN UTTHAN BANK LTD.,11000847,NULL,Nirdhan Utthan Bank Ltd.(Sukhipur),Sukhipur,,Siraha,Siraha,np,np        ,NULL,NULL,NULL,NULL
NIRDHAN UTTHAN BANK LTD.,11000848,NULL,Nirdhan Utthan Bank Ltd.(Sulichaur),Sulichaur,,Rolpa,Rolpa,np,np        ,NULL,NULL,NULL,NULL
NIRDHAN UTTHAN BANK LTD.,11000849,NULL,Nirdhan Utthan Bank Ltd.(Surunga),Surunga,,Jhapa,Jhapa,np,np        ,NULL,NULL,NULL,NULL
NIRDHAN UTTHAN BANK LTD.,11000850,NULL,Nirdhan Utthan Bank Ltd.(Tandi),Tandi,,Chitwan,Chitwan,np,np        ,NULL,NULL,NULL,NULL
NIRDHAN UTTHAN BANK LTD.,11000851,NULL,Nirdhan Utthan Bank Ltd.(Tankisinuwari),Tankisinuwari,,Morang,Morang,np,np        ,NULL,NULL,NULL,NULL
NIRDHAN UTTHAN BANK LTD.,11000852,NULL,Nirdhan Utthan Bank Ltd.(Telkuwa),Telkuwa,,Bara,Bara,np,np        ,NULL,NULL,NULL,NULL
NIRDHAN UTTHAN BANK LTD.,11000853,NULL,Nirdhan Utthan Bank Ltd.(Thecho),Thecho,,Lalitpur,Lalitpur,np,np        ,NULL,NULL,NULL,NULL
NIRDHAN UTTHAN BANK LTD.,11000854,NULL,Nirdhan Utthan Bank Ltd.(Tikapur),Tikapur,,Kailali,Kailali,np,np        ,NULL,NULL,NULL,NULL
NIRDHAN UTTHAN BANK LTD.,11000855,NULL,Nirdhan Utthan Bank Ltd.(Tikathali),Tikathali,,Lalitpur,Lalitpur,np,np        ,NULL,NULL,NULL,NULL
NIRDHAN UTTHAN BANK LTD.,11000856,NULL,Nirdhan Utthan Bank Ltd.(Tripureshwor),Tripureshwor,,Dhading,Dhading,np,np        ,NULL,NULL,NULL,NULL
NIRDHAN UTTHAN BANK LTD.,11000857,NULL,Nirdhan Utthan Bank Ltd.(Tulsipur),Tulsipur,,Dang,Dang,np,np        ,NULL,NULL,NULL,NULL
NIRDHAN UTTHAN BANK LTD.,11000858,NULL,Nirdhan Utthan Bank Ltd.(Udayapur),Udayapur,,Banke,Banke,np,np        ,NULL,NULL,NULL,NULL
NIRDHAN UTTHAN BANK LTD.,11000859,NULL,Nirdhan Utthan Bank Ltd.(Waling),Waling,,Syanga,Syanga,np,np        ,NULL,NULL,NULL,NULL
NIRDHAN UTTHAN BANK LTD.,11000860,NULL,Nirdhan Utthan Bank Ltd.(Yashok),Yashok,,Panchthar,Panchthar,np,np        ,NULL,NULL,NULL,NULL
NIRDHAN UTTHAN BANK LTD.,11000861,NULL,Nirdhan Utthan Bank Ltd.(Yeduka),Yeduka,,Dhanusha,Dhanusha,np,np        ,NULL,NULL,NULL,NULL
NIRDHAN UTTHAN BANK LTD.,11000863,NULL,NIRDHAN UTTHAN BANK LTD.(RO BHARATPUR),Bharatpur,,Chitwan,Chitwan,np,np        ,NULL,NULL,NULL,NULL
NIRDHAN UTTHAN BANK LTD.,11000864,NULL,NIRDHAN UTTHAN BANK LTD.(RO BIRGUNJ),Birgunj,,Parsa,Parsa,np,np        ,NULL,NULL,NULL,NULL
NIRDHAN UTTHAN BANK LTD.,11000865,NULL,NIRDHAN UTTHAN BANK LTD.(RO KOHALPUR),Kohalpur,,Banke,Banke,np,np        ,NULL,NULL,NULL,NULL
NIRDHAN UTTHAN BANK LTD.,11000866,NULL,NIRDHAN UTTHAN BANK LTD.(RO BIRTAMOD),Birtamod,,Jhapa,Jhapa,np,np        ,NULL,NULL,NULL,NULL
Standard Chartered Bank Nepal,SCBLNPKA,0,Kathmandu,UN Counter, UN House, Pulchowk, Kathmandu,0,Kathmandu,Kathmandu,np,np,NULL,NULL,NULL,NULL
NIRDHAN UTTHAN BANK LTD.,11000867,NULL,NIRDHAN UTTHAN BANK LTD.(RO BARDIBAS),Bardibas,,Mahottari,Mahottari,np,np        ,NULL,NULL,NULL,NULL
NIRDHAN UTTHAN BANK LTD.,11000868,NULL,NIRDHAN UTTHAN BANK LTD.(RO ATTARIYA),Attariya,,Kailali,Kailali,np,np        ,NULL,NULL,NULL,NULL
NIRDHAN UTTHAN BANK LTD.,11000869,NULL,NIRDHAN UTTHAN BANK LTD.(RO BIRENDRANAGAR),Birendranagar,,Surkhet,Surkhet,np,np        ,NULL,NULL,NULL,NULL
NIRDHAN UTTHAN BANK LTD.,11000870,NULL,NIRDHAN UTTHAN BANK LTD.(RO POKHARA),Pokhara,,kaski,kaski,np,np        ,NULL,NULL,NULL,NULL
NIRDHAN UTTHAN BANK LTD.,11000871,NULL,NIRDHAN UTTHAN BANK LTD.(RO KATHMANDU),Kathmandu,,Kathmandu,Kathmandu,np,np        ,NULL,NULL,NULL,NULL
NIRDHAN UTTHAN BANK LTD.,11000872,NULL,NIRDHAN UTTHAN BANK LTD.(RO BHAIRAHAWA),Bhairahawa,,Rupandehi,Rupandehi,np,np        ,NULL,NULL,NULL,NULL
Everest Bank Limited,EVBLNPKA,0,HEAD OFFICE, EBL HOUSE 13384 KATHMANDU,,KATHMANDU ,KATHMANDU,,np,NULL,NULL,NULL,NULL
